OCEAN VESSEL;CALL SIGN
A LA MARINE;VRFG7
AASHEIM 1;LAEN6
ABIDJAN EXPRESS;9HA3946
ABIDJAN EXPRESS ;WDD6038
ABU DHABI;A6OG
ACHIEVER;ZDHJ3
ADAMASTOS;D5OA4
ADDI L;P3UR6
ADELAIDE EXPRESS;DHSN
ADELE C;V2OY3
ADLEHEID-S.;V2CD6
AEGIALI;A8AM6
AFIF;V7HM4
AL BAHIA;D5MD8
AL DAHNA;9HA3724
AL DHAIL;V7HL8
AL HILAL;D5IJ4
AL JASRAH;JNYU
AL JMELIYAH;V7HM5
AL KHARJ;D5ME2
AL MANAMAH;A9HW
AL MASHRAB;V7HL9
AL MURABBA;V7HK9
AL MURAYKH;9HA3725
AL NASRIYAH;V7HL7
AL NEFUD;9HA3723
AL QIBLA;9KEW
AL RAWDAH;V7VM8
AL SAFAT;D5MD9
AL ZUBARA;9HA3726
ALEXANDRA;V7ZT8
ALEXANDRIA;V7GO9
ALINDA;PCXJ
ALLISE P;A8JE7
ALNOOF;A7EC
ALRIYADH;6AGC
ALULA;9HA2952
AMANDA D;CQEW
AMSTELDIJK;P3ZH9
ANAFI;VQUS2
ANDAMAN SEA;9HAB8
ANDANTE;CQBQ
ANDREA;ZDIS8
ANGELA J;V2PF2
ANGERMANLAND;ZQVN7
ANITA B;T2GH
ANJA;V2OK7
ANL ESPRIT;DGZK
ANL GEORGIA;DHKW
ANL WENDOUREE;3FIC6
ANL WOOMERA;A8HN7
ANL WYONG;9HA5013
ANNA GABRIELE;OEMH
ANNA SCHULTE;ELYY5
ANNA SOPHIE DEDE;V2OC6
ANNA T;D6CT7
ANNABELLA;MPJG8
ANNA-G;V2BD5
ANNE;V2IJ
ANNE-S;PDGU
ANNETTE;V2OM4
ANTON SCHULTE;9HA2107
ANTWERP EXPRESS;DJCE2
APL AGATE ;D6IK6
APL ATLANTA;ZDKX3
APL AUSTRALIA;A8FS8
APL AUSTRIA;A8NC5
APL BELGIUM;9VKQ3
APL BRAZIL;C6TL7
APL CALIFORNIA;3FVI3
APL CHANGI;S6LT7
APL CHANGI ;S6LT7
APL CHARLESTON;9V9923
APL CHONGQING;9V9373
APL COLUMBUS;9V9920
APL DANUBE;9HA3553
APL DENMARK;A8JX9
APL DENVER;ZDKX4
APL DETROIT;9V9925
APL EGYPT;A8BZ6
APL FINLAND;3ESS2
APL FLORIDA;3ETR
APL FULLERTON; S6NQ
APL GARNET;9VVN
APL GERMANY;A8DS4
APL GERNET;V7ZV9
APL GWANGYANG;9V9374
APL HOLLAND;9VKQ2
APL HONG KONG;A8AM6
APL IRELAND;A8BK6
APL ITALY;A8GK6
APL JADE;9VVD
APL LE HAVRE;9V9375
APL LION CITY;S6LT6
APL LONDON;2ANQ9
APL MALAYSIA;A8CB4
APL MANILA;A8SZ7
APL MERILON;9V9924
APL MERLION;S6NV
APL MIAMI;9V9922
APL MIAMI ;9V9922
APL MINNESOTA;A8NM5
APL NEW JERSEY;A8NM6
APL NEW YORK;9V9916
APL NORWAY;A8NC4
APL OMAN;9VMJ4
APL OREGON;3FCE8
APL PARIS;9V9403
APL PHOENIX;9V9918
APL POLAND;C6WX5
APL QATAR;9VMJ5
APL RAFFLES;9V5388
APL RIYADH;A8TX9
APL ROTTERDAM;VREH4
APL RUSSIA;C6XF2
APL SAVANNAH;9V9919
APL SENTOSA;S6LT5
APL SHANGHAI;A8SN5
APL SINGAPURA;S6LT3
APL SINGAPURA ;S6LT3
APL SPAIN;A8EH8
APL SPINEL;9VVK
APL TEMASEK;S6LT9
APL TURKEY;A8TR2
APL VANDA;S6LT8
APL WASHINGTON;VRFD6
APL ZEEBRUGGE;3FRZ3
ARA ZEEBRUGGE;C4AX2
ARCHIMIDIS;F5CN5
ARICA;A80A2
ARIEL S;V3YM5
ARIES J;5BDS3
ARINA;LYRY
AROSITA;SMXT
ARTUS;V2PO3
AS CARELIA;CQIX2
AS CYPRIA;A8UY4
AS MORGANA;A8VD6
AS PALINA;A8JS6
AS PAULINA;CQIV2
ASIATIC GLORY;9V3924
ASIR;HZZQ
ASTRID SCHULTE;9HA2040
ATACAMA;CB2217
ATAIR J;MERY9
ATHENIA;D5NV8
ATHENIAN;D5NV8
ATHOS;D5NX2
ATLANTIC COMET;C4BP2
ATLANTIC CONVEYOR;SKCM
ATLANTIC LADY;ATLD
ATLANTIC SAIL;2JCC5
ATLANTIC SEA;2JHW9
ATLANTIC SKY;2JHW9
ATLANTIC STAR;2ITA4
ATLANTIC SUN;MAEK8
AUKSE;LYJG
AURA;P3AJ8
AURORA;P3QH9
AUSTRAL;A8PX6
BALCHIK;LZDG
BALTHASAR SCHULTE;A8XR8
BALTIC FJORD;LLSR
BALTIC FULMAR;5BSL4
BALTIC SEA;C4FR2
BALTIC SHEARWATER;5BSD4
BALTIC TERN;GJTC
BALTIC WIND;OYWK2
BALTIK BETINA;9HDW6
BANGKOK EXPRESS;DCPY2
BARBARA;V2OI6
BARBAROSSA;ZDFA4
BARTEN;V2FE
BARZAN;9HA3727
BASLE EXPRESS;DFGN2
BAUMWALL;ZDEJ9
BELLA SCHULTE;A8XR6
BERIT;MJQS8
BERLIN BRIDGE;VRIM5
BERLIN EXPRESS;DGHX
BERNHARD SCHULTE;VRGA3
BG ROTTERDAM;V2DA3
BILBAO BRIDGE;VRHY6
BIRGIT;PDDF
BJORG;V2PW8
BODO SCHULTE;A8XR7
BOMAR CALAIS;CQEG
BOMAR RESILIENT;P3JG9
BOMAR VANQUISH;D5PX5
BORELLY;MXQS5
BORUSSIA DORTMUND;V2OO1
BOSPORUS BRIDGE;3FMV3
BOXER;ORLI
BOXTER;P3XP6
BRANDARIS;V2CA3
BREMEN BELLE;3EIZ7
BREMEN EXPRESS;DGZL
BREMER FOREST;ZDED7
BREMER UNITAS;CQRE
BREVIK BRIDGE;VRHY7
BRUSSELS;CQIM8
BUDAPEST BRIDGE;VRIZ5
BUDAPEST EXPRESS;DGWE2
BUNGA SEROJA DUA;9MGW5
BUNGA SEROJA SATU;9MGS5
BURGOU I;GZHN
BUSAN EXPRESS;DCPX2
BUSAN TRADER;9HA3806
BUXCLIFF;CQEC
BUXCOAST;CQEB
BUXFAVOURITE;DHPK
BUXTEHUDE;P3BF7
CALIFORNIA LUNA;S6CM
CALIFORNIA MERCURY;JGPN
CALIFORNIA SENATOR;DEBB
CALISTO;A8HF6
CALLAO EXPRESS;V7DY4
CAMIRA;EIWX
CAN SAN SOUNIO;9V2240
CAN SAN TAINARO;9V2241
CANBERRA EXPRESS;VSUA7
CAP AKRITAS;VRCJ7
CAP BEATRICE;A8EG9
CAP BEAUFORT;A8DG6
CAP BISTI;A8HY2
CAP BIZERTA;9HA2032
CAP BLANCHE;C4MZ2
CAP BONAVISTA;A8DG9
CAP BRETON;9V2502
CAP DOUKATO;V7XV4
CAP HAMILTON;A8RH6
CAP HARVEY;A8VE2
CAP JERVIS;VNKS
CAP NELSON;A8EG8
CAP PASADO;C4NT2
CAP REINGA;A8PX4
CAP RICARDA;A8PX6
CAP ROBERTA;A8MG9
CAP ROCA;DGCR
CAP SAN ANTONIO;D5FI9
CAP SAN ARTEMISSIO;9V2238
CAP SAN AUGUSTIN;DACG
CAP SAN JUAN;V70W7
CAP SAN LAZARO;V7XV9
CAP SAN LORENZO;LXSQ
CAP SAN MALEAS;9V2239
CAP SAN MARCO;CQES
CAP SAN NICOLAS;CQEU
CAP SAN RAPHAEL;D5FJ2
CAP SAN SOUNIO;9V2240
CAP SAN TAINARO;9V2241
CAP SAN VINCENT;V7XE5
CAP STEPHENS;DCDP2
CAP TALBOT;ELZU6
CAP VILANO;C4NQ2
CAPE AKRITAS;9HA4147
CAPE CHARLES;3EFX5
CAPE HATTERAS;P3PD4
CAPE KORTIA;9HA4377
CAPE RACE;ELRN5
CAPE TAINARO;9HA4463
CARDIFF;D5EX4
CARIBBEAN SEA;ELOW3
CARINA;PFBV
CARL C;V2BE7
CARLA;V2PH4
CARLOTTA STAR;A8IU6
CAROLINA STAR;D5GC3
CARPATHIA;A8HI8
CARTAGENA EXPRESS;DJQB2
CASTOR;ELYV8
CC CORTE REAL;2CXB8
CCNI ANDES;D5IN3
CCNI ARAUCO;D5GZ3
CCNI RIMAC;DPTS
CEC CRUSADER;C6RH5
CEC PIONEER;ZNZX4
CEMLUNA;C4BX2
CEPHEUS J;MCKF6
CERINTHUS;2FMT4
CEZANNE;H3NH
CGM CGM HYDRA;2BTO8
CHACABUCO;A8JM7
CHACABUCO ;A8JM7
CHAITEN;A8IX5
CHARLESTON EXPRESS;WDD6126
CHICAGO EXPRESS;DCUJ2
CHISWICK BRIDGE;H9TD
CHOPIN;ZDFE4
CHOYANG CHANCE;D9CO
CHRISTIANE SCHULTE;A8CK6
CHRISTINA;OJDK
CHRISTINA 1;3EBE7
CHRISTINE O.;V2AY5
CHUAN HE;3FTE7
CITA;V2QC
CITY OF OPORTO;MCXD5
CLARISSA;PDBB
CLAUDIA;PJHT
CLONMORE;EISF
CLONTARF;EIJX
CMA CGM AEGEAN;ELYA5
CMA CGM AGADIR;V2KL
CMA CGM ALASKA;A8XP9
CMA CGM ALCAZAR;3ENL3
CMA CGM ALCAZAR ;3ENL3
CMA CGM ALEXANDER VON HUMBOLDT;2GEH4
CMA CGM AMAZON;D5IS5
CMA CGM AMBER;3BHA6
CMA CGM AMERICA;5BNC2
CMA CGM AMERIGO VESPUCCI;FNVK
CMA CGM ANDROMEDA;2BSD4
CMA CGM ANTOINE DE SAINT EXUPERY;FJZP
CMA CGM ANTOINE DE ST EXUPERY;FJZP
CMA CGM AQUILA;2CBJ6
CMA CGM ARGENTINA;9HA5066
CMA CGM ARISTOTE;MRPN4
CMA CGM AUCKLAND;A8KD7
CMA CGM AZTECA;V7DS8
CMA CGM AZURE;9V8055
CMA CGM BAHIA;V2KU
CMA CGM BALZAC;DIHN
CMA CGM BAUDELAIRE;DIIN
CMA CGM BELLINI;C6TH5
CMA CGM BENJAMIN FRANKLIN;2IZK8
CMA CGM BERLIOZ;FSZO
CMA CGM BIZET;FUDL
CMA CGM BLERIOT;9HA4811
CMA CGM BLUE WHALE;MPXW4
CMA CGM BOUGAINVILLE;FIVD
CMA CGM BRAZIL;9V3051
CMA CGM BUENOS AIRES;DHSI
CMA CGM CALLISTO;2CKM8
CMA CGM CARTAGENA;ELSU4
CMA CGM CASSIOPEIA;2CRJ3
CMA CGM CASTILLA;DCFH2
CMA CGM CAYENNE;2IIX7
CMA CGM CHATEAU DIF;5BHB2
CMA CGM CHATEAU D'IF;5BHB2
CMA CGM CHILE;9HA5073
CMA CGM CHOPIN;FZQF
CMA CGM CHRISTOPHE COLOMB;FNUY
CMA CGM CHRISTOPHE COLOMBO;FNUY
CMA CGM COLUMBA;2DBC9
CMA CGM COPERNIC;A8LE2
CMA CGM CORAL;2BLO7
CMA CGM CORNEILLE;A8SU4
CMA CGM CORTE REAL;2CXB8
CMA CGM CORTES;DBSJ
CMA CGM DARDANELLES;V7GU3
CMA CGM DEBUSSY;FOUH
CMA CGM DON CARLOS;A8IE6
CMA CGM ELBE;SVCA
CMA CGM ESMERALDAS;V7KV5
CMA CGM FIDELIO;FMFS
CMA CGM FLORIDA;2AKU3
CMA CGM FORSTER;9HA5019
CMA CGM FORT ST GEORGES;FQWZ
CMA CGM FORT ST LOUIS;FQFL
CMA CGM FORT STE MARIE;FQXJ
CMA CGM GALILEE;A8HJ5
CMA CGM GEORG FORSTER;2IGY4
CMA CGM HOMERE;MQBL6
CMA CGM IGUACU;A8JY2
CMA CGM IVANHOE;A8NO9
CMA CGM JEAN GABRIEL;9HA4767
CMA CGM JEAN MERMOZ;9HA4798
CMA CGM JEFFERSSON;V7JM3
CMA CGM JULES VERNE;FIFW
CMA CGM JULES VERNE ;FIFW
CMA CGM KEPLER;V7MO9
CMA CGM KERGUELEN;2IBR5
CMA CGM LA TOUR;C6RU3
CMA CGM LA TRAVIATA;FMFT
CMA CGM LAPEROUSE;FLTH
CMA CGM LAPIS;A8SD5
CMA CGM LAVENDER;A8IG2
CMA CGM LEO;9HA2057
CMA CGM L'ETOILE;9HA3184
CMA CGM LÉTOILE;9HA3184
CMA CGM LIMON;3FCU5
CMA CGM LOTUS;SVAB4
CMA CGM LOUIS BLERIOT;9HA4811
CMA CGM MAGELLAN;2DTI4
CMA CGM MANET;C6RW6
CMA CGM MARCO POLO;2FYD5
CMA CGM MATISSE;C6VL5
CMA CGM MAYA;V2LA5
CMA CGM MEDEA;FMFR
CMA CGM MELBOURNE;A8IG9
CMA CGM MEXICO;9HA5077
CMA CGM MIMOSA;A8IF2
CMA CGM MOLIERE;9HA2072
CMA CGM MOZART;FZQM
CMA CGM MUMBAI;VRRP8
CMA CGM MUSSET;9HA2284
CMA CGM NABUCCO;FMEK
CMA CGM NADOR;VRBK8
CMA CGM NERVAL;9HA2361
CMA CGM NEW JERSEY;2BLN2
CMA CGM NEVADA;A8ZV4
CMA CGM NEVADA ;9HA3474
CMA CGM NIAGARA;9HA4133
CMA CGM NORMA ;FMHQ
CMA CGM ORFEO;A8NO6
CMA CGM OTELLO;FMEJ
CMA CGM OYAPOCK;ELQX4
CMA CGM PANAMA;9HA5074
CMA CGM PARSIFAL;A8LP6
CMA CGM PEGASUS;9HA2126
CMA CGM PELLEAS;A8NO7
CMA CGM PLATON;2ACH6
CMA CGM POINTE CARAIBE;A8SF5
CMA CGM POINTE DES COLIBRIS;CQAA7
CMA CGM PUCCINI;9HA3374
CMA CGM RABELAIS;9HA2360
CMA CGM RACINE;9HA2362
CMA CGM RAVEL ;FOVR
CMA CGM RIGOLETTO;FMHR
CMA CGM ROSE;A8GP7
CMA CGM ROSSINI;FZQU
CMA CGM SAMBA;V7EO5
CMA CGM SAMBHAR;5BND2
CMA CGM SANTOS;C4RM2
CMA CGM SAPPHIRE;ELYM4
CMA CGM ST LAURENT;V7DT3
CMA CGM ST MARTIN;V7DV5
CMA CGM STRAUSS;D5CF5
CMA CGM TANYA;9HA4199
CMA CGM TARPON;2AGI6
CMA CGM TARPON ;2AGI6
CMA CGM THAMES;9HA3851
CMA CGM TITAN;9HA2146
CMA CGM TOSCA;FMEL
CMA CGM TULIP;A8IT7
CMA CGM TURKEY;A8AL5
CMA CGM URUGUAY;D5JG5
CMA CGM UTRILLO;FNHH
CMA CGM VASCO DE GAMA;2INN8
CMA CGM VERLAINE;DASO
CMA CGM WHITE SHARK;MPXV7
CMA CGM WHITE SHARK ;9HA5021
CMA CGM VOLTAIRE;DQXQ
CMA CGM ZHENG HE;2IQU8
COLETTE;V7JL2
COLOMBIA;OT2530
COLOMBO EXPRESS;DIHC
CONCEIVER;PHGS
CONDOCK 1;PJSB
CONDOCK V;ZDED2
CONDOR;V2PP7
CONMAR AVENUE;V2GD2
CONMAR BAY;V2GC2
CONMAR GULF;2FXW4
CONMAR ISLAND;5BUK3
CONNEMARA;EISN
CONTI COURAGE;CQIH4
CONTI EVEREST;9HA4149
CONTI HARMONY;P3JM9
CONTI LYON;CQBD
CONTI PARIS;CQIM5
CONTI SALOME;A8LL8
CONTI SHANGHAI;DNHS
CONTI SINGA;DNES
COPENHAGEN EXPRESS;ZCDP2
COSCO AFRICA;3ERX3
COSCO AMERICA;3EPH4
COSCO BEIJING;SVPI
COSCO BELGIUM;VRLT8
COSCO BREMERHAVEN;P3ZY6
COSCO CHINA;A8GP4
COSCO DENMARK;VRNP8
COSCO ENGLAND;VRML8
COSCO EUROPÉ;3EOC5
COSCO FAITH;VRJL6
COSCO FELIXSTOWE;C6SF8
COSCO FORTUNE;VRKE9
COSCO FRANCE;VRMC2
COSCO GERMANY;A8IE4
COSCO GLORY;VRIR7
COSCO GUANGZHOU;SYIE
COSCO HAMBURG;VRXI3
COSCO HARMONY;VRJA4
COSCO HELLAS;SWJG
COSCO HOPE;VRKF2
COSCO INDONESIA;VRHE3
COSCO ITALY;VRNE4
COSCO JAPAN ;VRFX5
COSCO KOREA;VRGH3
COSCO LONG BEACH;A8EO6
COSCO MELBOURNE;V7IF5
COSCO NAGOYA;3ESJ8
COSCO NAPOLI;A8IE5
COSCO NETHERLANDS;RMR5
COSCO NETHERLANDS ;VRMR5
COSCO NINGBO;SWPW
COSCO OCEANIA;VRDQ5
COSCO PHILIPPINES;VRGM7
COSCO PORTUGAL;VRNI6
COSCO PRIDE;VRIV3
COSCO ROTTERDAM;C6SF7
COSCO SHANGHAI;VRXF4
COSCO SHENZHEN;A8GF4
COSCO SHIPPING ALPS;VRRJ2
COSCO SHIPPING ANDES;VRSA2
COSCO SHIPPING AQUARIUS;VRSO5
COSCO SHIPPING ARIES;VRRB4
COSCO SHIPPING AZALEA;VRSG8
COSCO SHIPPING CAPRICORN;VRRU3
COSCO SHIPPING DANUBE;VRQD2
COSCO SHIPPING DENALI;VRRT3
COSCO SHIPPING GALAXY;VRSJ9
COSCO SHIPPING GEMINI;VRRO3
COSCO SHIPPING HIMALAYAS;VRQX8
COSCO SHIPPING LEO;VRRO4
COSCO SHIPPING LIBRA;VRRV4
COSCO SHIPPING LIBRA ;VRRV4
COSCO SHIPPING NEBULA;VRRW8
COSCO SHIPPING PISCES;VRSG2
COSCO SHIPPING RHINE;VRRC4
COSCO SHIPPING ROSE;VRRZ9
COSCO SHIPPING SAGITTARIUS;VRRY9
COSCO SHIPPING SAGITTARIUS ;VRRY9
COSCO SHIPPING SCORPIO;VRRX5
COSCO SHIPPING STAR;VRSQ4
COSCO SHIPPING TAURUS;VRRE2
COSCO SHIPPING UNIVERSE;VRRP4
COSCO SHIPPING VIRGO;VRRT2
COSCO SPAIN;VRMX2
COSCO TAICANG;VREV9
COSCO TIANJIN;3EBC8
COSCO VANCOUVER;A8EO8
COSCO VIETNAM;VRID5
COSCO VIETNAM ;VRID5
COSCO YANTIAN;SWWC
COSCO YOKOHAMA;A8EH3
CPO BALTIMORE;A8VD9
CPO BALTIMORE ;A8VD9
CPO BREMEN;9HA3490
CROWN ALIZEE;PIZH
CROWN BREEZE;PCHY
CS DISCOVERY;A8QR9
CSAV BARCELONA;9HCX7
CSAV LIVORNO;9HXG6
CSAV MANZANILLO;V2AM8
CSAV MARESIAS;V7CX6
CSAV MONTREAL;V7CY4
CSAV MORUMBI;A8HR8
CSAV NEW YORK;V2OU5
CSAV PERU;DDJJ
CSAV RANCO;A8PB2
CSAV RAUTEN;A8PA9
CSAV RENAICO;A8MH4
CSAV RIO BAKER;V7DR6
CSAV RIO LOA;A8HE4
CSAV RIO LONTUE;A8FJ8
CSAV RIO MAIPO;ELXS4
CSAV RIO MAULE;V7DT7
CSAV RIO PETROHUE;V2AF4
CSAV RIO RAPEL;A8DY6
CSAV RIO TOLTEN;V7DY3
CSAV RIO TRANCURA;A8GS7
CSAV ROTTERDAM;C4AB2
CSAV RUPANCO;A8PA8
CSAV SAN ANTONIO;ELZW7
CSAV SANTOS;A8FO3
CSAV SANTOS (HANNO);A8F03
CSAV SHANGHAI;ELXA3
CSAV TENO;C4YB2
CSAV TIANJIN;DDIU
CSAV TOCONAO;D5DV4
CSAV TUBUL;C4YD2
CSAV TYNDALL;D5FN8
CSCL AFRICA;VRBI3
CSCL AMERICA;P3XP9
CSCL ARCTIC OCEAN;VROD9
CSCL ASIA;VRAB8
CSCL ATLANTIC OCEAN;VROE2
CSCL BARCELONA;V2OH3
CSCL GENOA;V2OH2
CSCL GLOBE;VRNU2
CSCL INDIAN OCEAN;VROC2
CSCL INDIAN OCEAN ;VROC2
CSCL JAKARTA;V2OH4
CSCL JUPITER;VRIL4
CSCL LE HAVRE;C4PW2
CSCL LONG BEACH;VRCZ7
CSCL MARS;VRJG2
CSCL MERCURY;VRIQ7
CSCL NAPOLI;V2OH7
CSCL OCEANIA;VRBI2
CSCL PACIFIC OCEAN;VRNV5
CSCL PANAMA;VRDY5
CSCL PUSAN;C4NK2
CSCL SATURN;VRJS5
CSCL STAR;VRHM7
CSCL URANUS;VRKD5
CSCL URANUS ;VRKD5
CSCL VENUS;VRIE8
CSCL XIAMEN;A8CL6
CSCL ZEEBRUGGE;VRCS2
CSL VIRGINIA;5BEG4
CYPRESS POINT;V7JH3
DADA MAR;HMWR2
DAL KALAHARI;CQGO
DAL KAROO;D5DF3
DALI;9V5283
DAN FIGHTER;OVUE2
DAN PROVIDER;OUPY2
DANCE;CQBH
DANFEEDER;OUMO6
DEIRA;A6QJ
DELMAS KETA;C4ZW2
DETTE G;V2BV8
DIAMOND;PCAF
DIMAN II;V7EK4
DIMITRIS C;9HA3500
DIMITRIS Y;D5IR8
Dimitris Y ;ELZU7
DIMITRISY;D5IR8
DINA TRADER;ZDIW5
DIRHAMI;MGLJ9
DOLPHIN Z.;P3NW6
DOMINGO;V7XV5
DORTE;V2CG
DRESDEN EXPRESS;DHDE
DS BLUE OCEAN;A8YL4
DUBLIN EXPRESS;DDSB2
E.R PUSAN;D5OQ8
E.R. INDIA;A8JX7
E.R. KOBE;A8AW2
E.R. LONDON;D5ET2
E.R. LOS ANGELES;A8AX8
E.R. PUSAN;DBUQ
E.R. SANTA BARBARA;LXST
E.R. SEOUL;D5OX2
E.R. SWEDEN;A8JX8
E.R. TOKYO;A8IE8
E.R. VANCOUVER;LXVQ
E.R. YOKOHAMA;LXYO
E.R.LOS ANGELES;A8AX8
EASTWIND;H8LE
EBBA MAERSK;OXHW2
EDISON;2DXY2
EDITH MAERSK;OXOR2
EEMSDIEP;PDXP
ELDORADO;PHEI
ELEONORA MAERSK;OVXP2
ELISABETH;V2EF
ELLY MAERSK;OXHY2
ELSEBETH;V2EH
ELSTAR;PIDR
ELUSIVE;PHKY
ELVI KULL;V2BI6
EM KEA;A8NN6
EMILY BORCHARD;MYZQ6
EMMA;V2AM7
EMMA MAERSK;OYGR2
EMMA.;V2TJ
EMS TRADER;V2JZ
EMSBROKER;CQPB
EMS-LINER;P3PC2
EMSTAL;V2AZ8
ENCOUNTER;PHAO
ENERGIZER;PHAS
ER PUSAN;LXEP
ERVING;2EDZ5
ESSEN EXPRESS;DHEE
ESTELLE MAERSK;OVXO2
ETNA;V2RM
EUCON PROGRESS;ZDGB8
EUGEN MAERSK;OXOS2
EUPHORIA;V2CB7
EURO SNOW;VQGH9
EURO SQUALL;VSZP7
EUROPA BRIDGE;A8LL4
EUROPÉ;P3VZ9
EVELYN MAERSK;OXHV2
EVER DELIGHT;3FCB8
EVER GENIUS;3FJU4
EVER GENTLE;D5TG9
EVER GIFTED;9V5825
EVER GIVEN;H3RC
EVER GLOBE;3FWU2
EVER GLORY;D5TO4
EVER GOLDEN;H9TK
EVER GOODS;3FRV5
EVER GOVERN;HPUI
EVER GRADE;3FZS6
EVER GREET;3FLF4
EVER LEARNED;2GNG3
EVER LIBERAL;2HDG2
EVER LIFTING;2ILJ7
EVER LIFTING ;2ILJ7
EVER LINKING;2GLI9
EVER LISSOME;2HDG3
EVER LOTUS;3FWH8
EVER LOVELY;9V9793
EVER LUCENT; 9V9792
EVER LUCID;BKIY
EVER LUCKY;3FAE4
EVER LUNAR;BKKF
EVRIDIKI G;A8QD8
EXPANSA;PBBZ
EXPRESS ATHENS;A8YC3
EXPRESS BERLIN;SVBY4
EXPRESS ROME;A8YC2
EXPRESS ROME ;ZCDJ3
EXTERNO;V2QJ8
FAGERVIK;V2OU7
FAIRDEAL;A8IG7
FALCON;LAIT5
FANG CHENG;XUHQ3
FAROS;V2AT7
FAUST;V2NA4
FINGAL;PJXB
FINNLAND;MLGJ9
FLINTERCAPE BV;PBOQ
FLINTERCARRIER;PHOR
FLINTERCOAST;PHOP
FOLEGANDROS;A8VC7
FORTUNA;4LGR
FORUM PACIFIC;OWMH2
FOWAIRET;A7EF
FRANKFURT EXPRESS;DGZS2
FREMANTLE EXPRESS;VSXC7
FRISA OSLO;7SY4353
FRISIA AMSTERDAM;A8LN3
FRISIA OSLO;A8LN2
GAASTBORG;PEFA
GARD WAY;LAWG4
GARDWILL;LGKB3
GASTRIKLAND;ZQVN8
GEEST EXTERNO;PBDA
GEEST MERCHANT;V2AK5
GEEST TRADER;V2AK4
GENCO GLORY;VRXK5
GENOA;D5JI9
GENOA BRIDGE;HOMF
GEORG MITCHEL;V2BS9
GEORGE WASHINGTON BRIDGE;3EES2
GEORGIA TRADER;9HA3826
GERD SIBUM;V2IA2
GERHARD SCHULTE;VRBY5
GERMAN;V2AO6
GERMAN SKY;V2FA6
GERRIT BRAREN;DGYW2
GEZA HOPE;YKQQ
GLASGOW EXPRESS;DDSC2
GLEN CANYON;3EFD9
GLORIA;4LUF
GOLDEN GATE BRIDGE ;H9HU
GOTALAND;MCRQ8
GOTHENBURG EXPRESS;ZCDT9
GRACECHURCH CROWN;V2PH
GRANVILLE BRIDGE;3EGM7
GUANGDONG BRIDGE;3EFI
GUAYAQUIL EXPRESS;DJQC2
GUDRUN;V2AO9
HAJO;V2UJ
HALIFAX EXPRESS;VRMW7
HALSINGLAND;ZQVN3
HAMBURG BAY;D5EY9
HAMBURG BRIDGE;3FVW2
HAMBURG EXPRESS;DGXS
HAMBURG EXPRESS (FEEDER);V2BH
HAMBURGO;V7CG8
HAMMERSMITH BRIDGE;3FQE8
HAMMONIA BALTICA;A8XY2
HAMMONIA POMERENIA;A8MG6
HANJIN AMERICa;2FWB2
HANJIN AMSTERDAM;DHDH
HANJIN ASIA ;2FHT8
HANJIN HARMONY;2GBC4
HANJIN LONG BEACH;3FFF5
HANJIN YANTIAN;DDYZ2
HANNAH SCHULTE;9VEZ2
HANNE CHRISTINA;LADW5
HANNES C;V2BL9
HANNI;DHMW
HANNOVER BRIDGE;3EIC8
HANOI BRIDGE;3FHS3
HANOVER EXPRESS;DFGX2
HANSA CENTURY;DHHI
HANSA EUROPÉ;DISM2
HANSA MARBURG;LXHM
HANSEATIC SWAN;V2AC3
HARBOUR BRIDGE;3EIQ5
HARMONY N;5BXU3
HARRIER HUNTER;A8VD8
HATSU COURAGE;V7JC7
HATSU CRYSTAL;DDZH2
HATSU CRYSTAL ;V7JS9
HATSU ETHIC;VQSF4
HATSU EXCEL;VSXV3
HAV ALDEBARAN;V2PB6
HAYDEE;V2UT
HEIMGLIMT;V2CM
HEINZ SCHEPERS;V2OM7
HELENA SCHEPERS;V2IA4
HELSINKI BRIDGE;3FIW4
HELSINKI EXPRESS;ZCDT8
HEMO;V2BII
HENNEKE RAMBOW;DDVQ2
HERCULES J;5BDG4
HERM;V2BY2
HERM J;MHWW7
HERMA P;A8JF4
HERMES;VRBS4
HERON HUNTER;A8VE2
HIGHLAND;V2MP
HIJAZ;A8KO3
HIJAZ HANNO;A8K03
HJORDIS;OJHI
HMM ALGECIRAS;3EDF2
HMM COPENHAGEN;3EIO3
HMM OSLO;3EQD3
HMS NAVIGATOR;LAEJ6
HMS PORTUGAL;V2NA6
HOBBY HUNTER;A8UL3
HOENDIEP;PERW
HONG KONG BRIDGE;9V8128
HONG KONG EXPRESS;DHEB
HOOGE;ZDHM4
HOUSTON BRIDGE;3FLC7
HOUSTON EXPRESS;DCCR2
HS CARIBE;A8EY7
HS PARIS;D5DA9
HS ROME;D5DR4
HS SCOTT;A8LP4
HSH UBIN;3FBB
HUMBER BRIDGE;3EHZ5
HUMBOLDT EXPRESS;S6IH
HUMEN BRIDGE;3EKA7
HUNGARY;9HA4001
HUNTER;4LOB
HVASSAFELL;V2BQ3
HYUNDAI AMBITION;D5BU6
HYUNDAI BANGKOK;3EIN6
HYUNDAI BRAVE;3EMZ5
HYUNDAI COLOMBO;3EIN7
HYUNDAI CONFIDENCE;HOZQ
HYUNDAI COURAGE;3ENU4
HYUNDAI DREAM;V7DD7
HYUNDAI FAITH ;3EPF4
HYUNDAI FORCE;3EPU9
HYUNDAI FORTUNE;3FLG6
HYUNDAI FREEDOM;3FFS6
HYUNDAI GLOBAL;2BUH7
HYUNDAI HIGHNESS;DSEM8
HYUNDAI HOPE;V7EI3
HYUNDAI INDEPENDENCE;VQUP5
HYUNDAI INTEGRAL;3ERL7
HYUNDAI MERCURY;2BSD7
HYUNDAI NAVARINO;SVBA2
HYUNDAI PRIDE ;V7FO4
HYUNDAI SPEED;D5BU5
HYUNDAI SPLENDOR;2BSX3
HYUNDAI TENACITY;D5BG7
HYUNDAI TOGETHER;D5BF7
HYUNDAI VANCOUVER;2DTQ2
HYUNDAI VICTORY;V7FO2
IBN ASAKIR;A8GH5
ICE CRYSTAL;V2EF4
ICE MOON;V2EN3
IDUNA;C4UJ2
ILSE K;PBEU
INA;FNBB
INDIA;MCHT4
INDIA LOTUS;9HXE6
INGEBORG PILOT;LACA5
INKERI;PBEI
IRENES RELIANCE;SZRT
IRENES REMEDY;A8WG3
IRENES RESPECT;SXXE
IRENES WAVE;D5JQ7
ISTRIAN EXPRESS;ZDKG2
ITAJAI EXPRESS;A8ID9
ITAL CONTESSA;V7JK4
ITAL CONTESSA ;DDZF2
ITAL CORTESIA;V7HS2
ITAL GREET;IBPZ
ITAL LIRICA;ICEI
ITAL LLOYDIANA;IBRV
ITAL ORDINE;A8KL5
ITAL TRIESTE;ICPT
ITAL UNICA;IBSM
ITAL UNIVERSO;IBSP
ITAL USODIMARE;IBPO
ITAL UTILE;3FZA9
ITEA;D5CE2
JACARANDA;V2PC5
JACK LONDON;A8SN4
JAMES RIVER BRIDGE;H9LW
JAN MITCHELL;V2BS8
JAVI;V2BH3
JAZAN;HZZH
JEBEL ALI;9HA2984
JESSICA B ;V2OU8
JILFAR;DIDY
JOHANNA SCHEPERS;V2QI4
JOHN MITCHELL;V2KA1
JORK RELIANCE;V2CL2
JORK RIDER;V2BT5
JORUND;P3TF5
JPO VULPENCULA;A8RW5
JRS CAPELLA;5BER4
JSP MISTRAL;V2FD7
JUIST TRADER;V2OT5
JUPITER I;9HYJ7
K PEGASUS;D5HF9
K PHOENIX;D5HF8
KARIN;V2AN3
KARIN SCHEPERS;V2HS3
KARINA K;4LFS
KATHERINE;V7ZU2
KATSURAGI;3EEG8
KEA;D5DG4
KEDUNG MAS;C6HJ8
KEEPER;V3UC5
KIBU;9HPL4
KIEL EXPRESS;DEHZ
KIEL TRADER;9HA3357
KILCOE;EINQ
KITANO;JNKT
KLENODEN;OJDD
KLOSTERTAL;PBFA
KOBE EXPRESS;DGSE
KONRAD SCHULTE;P3ZA9
KORSOER;V2AR2
KOTA PAHLAWAN;A8BW8
KOTA PERTAMA;DEFL
KOTA SEJARAH;DGYR
KRONBORG;VQGZ3
K-STREAM;MLEW4
KUALA LUMPUR;9V7671
KUMASI ;TBN
KURKSE;ESEU
KYOTO EXPRESS;DCPI2
LA TRAVIATA;FMFT
LADOGA-12;UAPJ
LANCILLOTTO;IFHK
LANGENESS;ZDHT5
LAPPLAND;DPLG
LARA;PBCI
LARS MAERSK;OVSB2
LAS PALMAS;CQHP
LAURA DELMAS;C6UZ3
LAURA MAERSK;OWKI2
LAUST MAERSK;OVZV2
LEDA TRADER;V2JU
LEO C;D5KG9
LEONID LEONOV;9HNT8
LEVERKUSEN EXPRESS;DEHY
LEXA MAERSK;OYYL2
LIBRA CHILE;V7DV2
LIBRA COPACABANA;A8IM8
LIBRA CORCOVADO;VRDH5
LIBRA IPANEMA;A8IF3
LIBRA IPANEMA HANNO;X8IF3
LIBRA NITEROI;P3MU9
LIBRA SANTA CATARINA;A8FF7
LICA MAERSK;OWAY2
LIDER TRABZON;OMJF
LIFANA;PFOC
LILA LONDON;LLDT
LIMARI;A8GT7
LINAH;DC7928
LINDAUNIS;D5AH9
LINE;LAVE5
LIONS GATE BRIDGE;H9LV
LISBOA;9HWV7
LISBON;CQGZ
LISBON EXPRESS;ZCBD3
LIVERPOOL EXPRESS;DDSD2
LIVORNO EXPRESS;WABU
LLOYD DON PASCUALE;A8KY2
LOMBARDIA;9HWT7
LONDON EXPRESS;DPLE
LONG BEACH BRIDGE;H9YP
LORRAINE;A8IZ3
LOTTE SIF;S6IE
LOUDS ISLAND;V7VP2
LT CORTESIA;DDYY2
LU HE;3FVZ6
LUCIE DELMAS;C6UZ2
LUDWIG SCHULTE;9VFK9
LUDWIGHAFEN EXPRESS;DDOR2
LUDWIGSHAFEN EXPRESS;DILE
LUNA MAERSK;OWFT2
LUZON STRAIT;A8IO4
LYRA;V2WM
LYS BOX;V2BU7
LYS POINT;V2BI8
M DENIA;DPRB
M DOMINICA;DHSD
M INNOVATION ;9VVP 
M INTEGRITY;H9FB 
MAASHOLM;D5AI2
MAASSTROOM;PHBP
MAASTRICHT MAERSK;OWSE2
MACKINAC BRIDGE;JKES
MADISON MAERSK;OWJG2
MADRID BRIDGE;7KBO
MADRID EXPRESS;CQDV
MADRID MAERSK;OWMD2
MAERSK ALFIRK;9VBN2
MAERSK ALGOL;9VFV5
MAERSK BALI;9V7499
MAERSK BATAM;9VHF2
MAERSK BRANI;9V8208
MAERSK BRATAN;9V8044
MAERSK BUTON;9V7498
MAERSK CAROLINA;WBDS
MAERSK DUNCAN;A8GU8
MAERSK EDINBURGH;OXLT2
MAERSK EDIRNE;9V6463
MAERSK EDMONTON;OYHV2
MAERSK EMDEN;OXLK2
MAERSK ESMERALDAS;HPDM
MAERSK ESSEN;OYID2
MAERSK EUREKA;9V6465
MAERSK FALSTERBO;MCDS6
MAERSK FAWLEY;MKSY3
MAERSK FLENSBURG;VQEO8
MAERSK GAIRLOCH;VQGQ4 
MAERSK GENOA;VRPJ7
MAERSK GIBRALTAR;VRPN6
MAERSK GIRONDE;OZGQ2
MAERSK GUATEMALA;VROS7
MAERSK GUAYAQUIL;VROS8
MAERSK HORSBURG;9V5394
MAERSK HORSBURGH;9V5394
MAERSK IDAHO;WKPM
MAERSK IOWA;MLBB4
MAERSK KAWASAKI;D5MA6
MAERSK KENTUCKY;WKPY
MAERSK KINGSTON;VRPE9
MAERSK KOBE;9HA3376
MAERSK KOTKA;CQHT
MAERSK KOWLOON;D5NU6
MAERSK LA PAZ;VRKC2
MAERSK LABERINTO;VRKJ7
MAERSK LAMANAI;VRLI8
MAERSK LANCO;VRLI7
MAERSK LAVRAS;VRJH6
MAERSK LEBU;VRJH7 
MAERSK LEON;9V9778
MAERSK LIMA;VQYI
MAERSK LINS;VRKQ5
MAERSK LOTA;9V9777
MAERSK LUZ;VRIS8
MAERSK MC KINNEY MOLLER;OWIZ2
MAERSK MC-KINNEY MOLLER;OWIZ2
MAERSK MISSOURI;WAHV
MAERSK MONTANA;WCDP
MAERSK NEWHAVEN;9VPY4
MAERSK NIMES;VRFO7
MAERSK NOTTINGHAM;A8DH2
MAERSK OHIO;KABP
Maersk Ohio ;MLCC5
MAERSK PALERMO;PDHW
MAERSK PATRAS;MYSU5
MAERSK PEMBROKE;PDHY
MAERSK PENANG;PDHU
MAERSK SALALAH;OZDM2
MAERSK SALTORO;HPZK
MAERSK SARAT;D5JH6
MAERSK SELETAR;WTAA
MAERSK SENTOSA;WSEP
MAERSK STADELHORN;9V5223
MAERSK STOCKHOLM;VRGW3
MAERSK TAURUS;9VFV4
MAERSK UTAH;‎9V3588
MAGELLAN COMET;V2OF2
MAGLEBY MAERSK;OWJI2
MAGNUS F;V2BR4
MAIN TRADER;CQDO
MAINE TRADER;9HZX7
MAJD;XULU3
MAJESTIC;9V3401
MAJESTIC MAERSK;OWJD2
MALIK AL ASHTAR;9HA2983
MALLECO;PKBQM
MANCHESTER BRIDGE;H9VD
MANCHESTER MAERSK;OWAV2
MANHATTAN BRIDGE;3FWL4
MANILA MAERSK;OWPP2
MARC MITCHELL;V2BT2
MARCH;5BYB4
MARCHEN MAERSK;OUIY2
MARCOMMANDER;V2UA
MARE INTERNUM;V2CP
MARE PHOENICIUM;V2LQ
MAREN MAERSK;OWTG2
MARFEEDER;DHMA
MARFRET DOUCE FRANCE;FMBI
MARFRET GUYANE;FNMV
MARFRET MARAJO;FNOP
MARFRET NORMANDIE;LXMN
MARFRET PROVENCE;LXOV
MARGARETE B;V2NI
MARGARETHA;P3CJ9
MARGRETHE MAERSK;OWYZ2
MARIA H;V2NK
MARIA SCHEPERS;V2CV
MARIANNE K;PBET
MARIANNE SCHULTE;ELZN7
MARIBO MAERSK;OWJJ2
MARIE MAERSK;OWJF2
MARINA;V2WF
MARINDO BARU;YGWO
MARIS;DNMH
MARIT MAERSK;OWYH2
MARJA;PHBB
MARNEDIJK;C4MA2
MARSEILLE MAERSK;OWPU2
MARSEILLE STAR;9HCH7
MARSTAL MAERSK;OWJK2
MARTHA A;TCA3420
MARTHA HAMMANN;DFZK
MARUS;V2AR3
MARY;V7ZT7
MARY MAERSK;OWJE2
MARYAM;V2OG5
MATHILDE SCHULTE;9V3051
MATZ MAERSK;OWJM2
MAULE;A8SG6
MAYSSAN;A9HX
MAYVIEW MAERSK;OWJN2
MCS ELA;H3MJ
MEDELPAD;ZQVN4
MELLECO;CQCZ
MELODY;ZDFB4
MERETE MAERSK;OWQZ2
MERITA;P3XA9
MERIWA;V2PS4
MERWEDESTROOM;PHAV
MERWEDIEP;PFTE
MERWEDIJK;PFCN
META;A8CG9
METTE MAERSK;OWRS2
MH HAMBURG;V7OZ6
MIKHAIL DUDIN;9HNU8
MILAN EXPRESS;ZCDH7
MILAN MAERSK;OWGK2
MILDBURG;ELVJ9
MIRA J ;V2CL
MOGENS MAERSK;OWSC2
MOL BEACON;VROB9
MOL BEAUTY;VROG7
MOL BELIEF;VROD3
MOL BEYOND;VRPN8
MOL BREEZE;VRNL8
MOL BRIGHTNESS;VRNL9
MOL BRILLIANCE;VRNL2
MOL CELEBRATION ;C6WW7
MOL COMPETENCE;C6XF5
MOL COSMOS;3ERV8
MOL CREATION;C6WD9
MOL DESTINY;V7PS5
MOL EMISSARY;VRFX6
MOL EMPIRE;VRGE7
MOL ENCORE;HOWM
MOL ENDOWMENT;3EMV4
MOL ENDURANCE;HPLT
MOL ENTERPRISE;HPTF
MOL EXCELLENCE;HPEF
MOL EXPEDITOR;HPJW
MOL EXPERIENCE;3ELI7
MOL EXPRESS;HPPW
MOL GLIDE;VRJF2
MOL GRATITUDE;VRJU7
MOL GUARDIAN;A8WH6
MOL INGENUITY;3EMH9
MOL INITIATIVE;3ELL6
MOL INNOVATION;9VVP
MOL MAESTRO;V7RJ2
MOL MAGNIFICENCE;V7SG5
MOL MANEUVER;V7VC5
MOL MARVEL;V7UP3
MOL MATRIX;V7TI3
MOL MAXIM;V7TU3
MOL MISSION;V7VS5
MOL MODERN;V7VS6
MOL MOTIVATOR;V7VG6
MOL PACE;3EDR7
MOL PARADISE;3ECJ7
MOL PARAMOUNT;3ECH9
MOL PARTNER;3EBZ5
MOL PREMIUM;3EOJ7
MOL PRESENCE;9V8990
MOL PROFICIENCY;V7NH8
MOL PROSPERITY;3EGM9
Mol Quasar;S6NQ
MOL QUINTET;S6LT4
MOL THAMES;3EFV8
MOL TRADITION;V7WF4
MOL TREASURE;3EUO7
MOL TRIBUTE;V7PO8
MOL TRIUMPH;V7FQ8
MOL TRUST;V7LF7
MOL TRUTH;3FBJ9
MONACO;A8IF2
MONACO BRIDGE;H9BB
MONACO MAERSK;OWNL2
MONTE ALEGRE;DFWV2
MONTE AZUL;9V7382
MONTE CERVANTES;DHTK
MONTE OLIVIA;DAJC
MONTE PASCOAL;DNCQ
MONTE ROSA;3EEZ7
MONTE SARMIENTO;DCLH2
MONTREAL EXPRESS;MAHG5
MORSUM;V2QJ7
MORTEN MAERSK;OWLW2
MOSCOW MAERSK;OWCM2
MP THE GRONK ;A8HN6
MSC ADELE;H3HO
MSC ADRIANA;H3ZF
MSC AGADIR;VRLC2
MSC AGATA;HPXA
MSC AGRIGENTO;3FYR9
MSC AINO;D5UC2 
MSC ALABAMA;3EDK7
MSC ALBANY;D5CC8
MSC ALESSIA;DAQZ
MSC ALEXA;3FPP6
MSC ALEXANDRA;3FUI9
MSC ALGECIRAS;VRMO7
MSC ALGERIE;P30A4
MSC ALGHERO;3EVX2
MSC ALICANTE;A8YN7
MSC ALICE;3FUV5
MSC ALPANA;H9SR
MSC ALTAMIRA;D5CC7
MSC ALYSSA;H9MW
MSC AMBITION;‎D5BU6
MSC AMBRA;3FKB
MSC AMERICA;HOYZ
MSC AMSTERDAM;VRUU4
MSC AMY;H9FP
MSC ANAHITA;HPUG
MSC ANASTASIA;3EPE5
MSC ANCHORAGE;D5CC9
MSC ANDALUCIA II;9HMW4
MSC ANGELA;3FFW3
MSC ANGOLA;A8EW7
MSC ANIELLO;3FYW9
MSC ANISHA R.;D5GE3
MSC ANNA;H8IE
MSC ANNAMARIA;H3HN
MSC ANNICK;H3TH
MSC ANS;H3MH
MSC ANTALYA;VRME8
MSC ANTIGUA;VRLC3
MSC ANTONELLA;CQZF
MSC ANTONIA;3EIO3
MSC ANTWERP;SXNP
MSC ANZU;3FAI9
MSC APOLLO;5BFA5
MSC ARABIA;9HFK6
MSC ARIANE;3EQW8
MSC ARICA;9HA3320
MSC ARMONIA;H8EW
MSC ARUSHI R;A8RL3
MSC ARUSHI R.;A8RL3
MSC ASLI;H3ZI
MSC ASTRID;3ENJ5
MSC ASYA;3EOB8
MSC ATHENS;9HA4025
MSC ATHOS;9HA4026
MSC ATLANTIC;HPMQ
MSC AUGUSTA;H3HM
MSC AURES;V2PE4
MSC AURORA;3FXY5
MSC AUSTRIA;A8AH3
MSC AVNI;D5OA3
MSC AYALA;3EJN4
MSC AZOV;9HA3457
MSC BARBARA;HODU
MSC BARCELONA;A8ZU9
MSC BASEL ;ELUX6
MSC BATAVE;PHDA
MSC BEATRICE;3FUF2
MSC BEIJING;A8HS4
MSC BELEM;VRUV9
MSC BENEDETTA;3EFW9
MSC BENGAL;A8IE9
MSC BHAVYA;D5GC9
MSC BILBAO;A8IM7
MSC BORNEO;HOUV
MSC BOSPHORUS;‎5BDF5
MSC BOSTON;ELXU5
MSC BRANKA;CQYL
MSC BRASILIA;HOUQ
MSC BREMEN;A8LK7
MSC BRIANNA;3FXG7
MSC BRUNELLA;H3CT
MSC BRUXELLES;A8HS3
MSC BULGARIA;A8ID8
MSC BUSAN;A8HR5
MSC CAITLIN;3EAM3
MSC CALEDONIEN;P3LN9
MSC CAMARGUE;V2NF
MSC CAMILLE;3EPJ4
MSC CANADA;A8EW8
MSC CANBERRA;H8KT
MSC CANDICE;3ENC5
MSC CARACAS;DGZN
MSC CARAIBES;V2BH2
MSC CARINA;HPKM
MSC CARLA;H9BC
MSC CARMEN;3EQT
MSC CAROLE;HPRV
MSC CAROLINA;3ECV5
MSC CAROUGE;CQFP
MSC CATERINA;3ELQ3
MSC CHANECA;9VIV
MSC CHARLESTON;A8JC5
MSC CHELSEA;H3AY
MSC CHIARA;H3RT
MSC CHICAGO;A8HS2
MSC CHILE;ELZU9
MSC CHINA;DNAG
MSC CHITRA;H9VU
MSC CHLOE;CQZB
MSC CHRISTINA;A8II7
MSC CLARA;3FZW9
MSC CLAUDIA;3EQZ6
MSC CLORINDA;3FWK3
MSC COLOMBIA;VQOV7
MSC CORINNA;3FPI7
MSC CORSICA;V7CN8
MSC CORUNA;A8ZV7
MSC CRISTIANA;HPNS
MSC CRISTOBAL;V2OO7
MSC DARDANELLES;5BCQ5
MSC DAVOS;A8IG3
MSC DEBRA;3EFM5
MSC DEILA;3FMD3
MSC DELHI;A8DZ4
MSC DENISSE;3FTL9
MSC DESIREE;CQZO
MSC DIANA;D5KX8
MSC DIDEM ;H8VZ
MSC DIEGO;3FZP8
MSC DITTE;D5LP2
MSC DOMITILLE;3FLB5
MSC DON GIOVANNI;3FIV6
MSC DONATA;A8EU2
MSC DYMPHNA;3FJS8
MSC EDITH;3ECM6
MSC EDNA;3FYL5
MSC ELA;H3MJ
MSC ELENA;HPAU
MSC ELENI;H3BQ
MSC ELEONORA;HPVY
MSC ELIANA;3EEY8
MSC ELMA;CQZM
MSC ELOANE;D5KY2
MSC ELODIE;3FNI8
MSC ELOISE;3ENH9
MSC EMILIA S;H9GQ
MSC EMIRATES;9HZP6
MSC EMMA;HPXB
MSC ENGLAND;C6SG5
MSC ERICA;D5ML4
MSC ERMINIA;H9JP
MSC ESHA;3EGB5
MSC ESTHI;3EFU3
MSC EUGENIA;3EKA5
MSC EVEREST;MCDW2
MSC EYRA;H3FW
MSC FABIENNE;H3SF
MSC FEDERICA;3EFJ3
MSC FIAMMETTA;3EOU7
MSC FINLAND;A8LP5
MSC FLAMINIA;DHZR
MSC FLORENTINA;HPFH
MSC FLORIANA;H3HP
MSC FLORIDA;A8GJ5
MSC FRANCESCA;H8XM
MSC FREMANTLE;V2IC
MSC FRIBOURG;HOVO
MSC GABRIELLA;H9SV
MSC GAYANE;D5OZ5
MSC GENESIS;CQHM
MSC GENEVA;CQFQ
MSC GENOVA;DIDK2
MSC GERMANY;A8AH4
MSC GIANNA;HPIR
MSC GINA;3FLY9
MSC GIORGIA;3EWR3
MSC GIOVANNA;3FRB9
MSC GISELLE;3FPX4
MSC GIULIA;3FPF5
MSC GRACE;H9VZ
MSC GREECE;VRUU3
MSC HAILEY;HPRW
MSC HARMONY;V2GE
MSC HEIDI;3EHC4
MSC HIMALAYA;9HUE3
MSC HINA;HPFP
MSC HOBART;A8AK3
MSC HOGGAR;TCCS6
MSC IDIL;HO-4048
MSC ILARIA;3FNU2
MSC ILONA;DARU
MSC IMMA;HPUW
MSC IMMACOLATA;H9OK
MSC INDIA;H9VB
MSC INES;3EFZ3
MSC INGRID;HOHA
MSC INGY;D5KX9
MSC INSA;3FWO5
MSC IRIS;H3JN
MSC ISABELLE;H8VU
MSC JADE;H3ZP
MSC JAPAN;3ECR5
MSC JASMINE;H3OB
MSC JAVA;V2OQ8
MSC JEANNE;H8QE
MSC JEMIMA;3EAE3
MSC JENNY;H8WV
MSC JESSICA;H3YF
MSC JILHAN;H9YU
MSC JOANNA;3EHF2
MSC JOHANNESBURG;A8IR6
MSC JORDAN;HPMK
MSC JUDITH;3EGR5
MSC JULIA R.;A8RK9
MSC KALINA;3FIA2
MSC KARLSKRONA;D5OV8
MSC KATHERINE ANN;HPUE
MSC KATIE;3FUF5
MSC KATRINA;3FZU7
MSC KATYA R.;D5GE4
MSC KATYAYNI;3FGK8
MSC KERRY;3FJF8
MSC KIM;3EPZ
MSC KINGSTON;VRPE9
MSC KLEVEN;CQHU
MSC KOREA;3EBW3
MSC KRETA;9HOY8
MSC KRITTIKA;H3RV
MSC KRYSTAL;3EPZ4
MSC KWANGYANG;D5NP6
MSC LARA;HPUD
MSC LAURA;H9UE
MSC LAUREN;3FSD3
MSC LAURENCE;3FYQ6
MSC LAUSANNE;DCRN2
MSC LAUSANNE ;9HA3289
MSC LAUSANNE V;9HA3289
MSC LEA ;HOTP
MSC LEANNE;3ENG7
MSC LEIGH;3EGN4
MSC LEILA;3EBD8
MSC LEVINA;3FJR8
MSC LIESELOTTE;HPDX
MSC LILY;3FVB9
MSC LINZIE;HPMG
MSC LISA;H3MK
MSC LISBON;A8LL9
MSC LONDON;P3VH7
MSC LONGONI;V2XF
MSC LORENA;3EBO9
MSC LORETTA;HOIU
MSC LOS ANGELES ;A8SI3
MSC LUCIA;H3PK
MSC LUCIANA;3FTY3
MSC LUCY;3EBC5
MSC LUDOVICA;HPAF
MSC LUGANO;3FPV8
MSC LUISA;H9XU
MSC MADELEINE;3EFR7
MSC MADHU B;CQIP6
MSC MADRID;A8ZV2
MSC MAEVA;H9TF
MSC MAGALI;H9VR
MSC MALAGA;DNKL
MSC MALAYSIA;MSTM6
MSC MALIN;H3EU
MSC MANAUS;V21B
MSC MANDY;HPRL
MSC MANU;3EAD8
MSC MARA;3EGE6
MSC MARACAIBO;V2MO1
MSC MARGARITA;A8IX9
MSC MARIA;HPDV
MSC MARIA ELENA;3EGR2
MSC MARIA LAURA;H3QW
MSC MARIA PIA;H3RJ
MSC MARIANNA;H0AE
MSC MARINA;HPSB
MSC MARS;D5KN4
MSC MARTA;3ECV4
MSC MARTINA;3FVY7
MSC MARYLENA;H3JW
MSC MATILDE;HODP
MSC MAUREEN;HPMP
MSC MAXIE;3EAL4
MSC MAYA;3FNF8
MSC MEDITERRANEAN;H8JI
MSC MEE MAY;3FYR6
MSC MEKONG;9HYI6
MSC MELATILDE;3FYE4
MSC MELISSA;H9VY
MSC METHONI;D5AN2
MSC MEXICO;A8AH5
MSC MIA;HP6643
MSC MIA SUMMER;3EAI4
MSC MICHAELA;HOEZ
MSC MICHELE;3EQG5
MSC MIRA V;LXME
MSC MIRELLA;3FTW9
MSC MIRJA;D5LI6
MSC MIRJAM;D5MF8
MSC MONICA;3FSU7
MSC NAMIBIA;SZKT
MSC NAPOLI;VQBX7
MSC NATAL;ELZV9
MSC NATALIA;H9CV
MSC NEDERLAND;HPMR
MSC NELA;HP7585
MSC NERISSA;H3LP
MSC NEW YORK;ELXU6
MSC NICOLE;H3QJ
MSC NILGUN;H8MU
MSC NINGBO;LXLK
MSC NITYA B;CQIP4
MSC NOA;HOAU
MSC NORMANDIE;H9QS
MSC NURIA;3ESE2
MSC OLGA;3EGZ2
MSC OLIVER;H8RY
MSC OPERA;H3FV
MSC ORIANE;3EPY8
MSC ORNELLA;H3RF
MSC OSCAR;3FBT7
MSC OSLO;V7GB6
MSC PALAK;CQZL
MSC PALERMO;ELTY9
MSC PAMELA;3EBT6
MSC PANAMA;ELTY3
MSC PAOLA;H900
MSC PARANA;LAUZ5
MSC PARIS;A8IF5
MSC PATRICIA;HOLI
MSC PEGASUS;D5HF9
MSC PEGGY;3FEY8
MSC PERLE;HPQV
MSC PERU;LAUJ5
MSC PHOENIX;D5HF8
MSC PILAR;H8ZC
MSC PINA;3ELK8
MSC POH LIN;H8FC
MSC POLAND;PCGZ
MSC PORTUGAL;D5NP7
MSC PRAGUE;A8CJ2
MSC PRIDE;9HUW6
MSC QUEENSLAND;A8DZ3
MSC RACHELE;3EAO2
MSC RAFAELA;3FWG6
MSC RANIA;3EEB3
MSC RAPALLO;A8ZV3
MSC REBECCA;HONW
MSC REEF;D5LQ2
MSC REGINA;3FGF9
MSC RHONE;HPDN
MSC RIFAYA;D5MF9
MSC RITA;3EBW6
MSC ROBERTA;H8SL
MSC ROMA;A8KX4
MSC ROMANE;CQZN
MSC ROMANIA II;SYMM
MSC ROSA M;P3OJ2
MSC ROSSELLA;3FAS8
MSC SABRINA;3FMG8
MSC SAMANTHA;HPNZ
MSC SAMIA;3EHU7
MSC SANDRA;H3LV
MSC SANTHYA;HPSP
MSC SAO PAULO;D5GL3
MSC SARAH;A8EU9
MSC SARDINIA;P3UX7
MSC SARISKA;3EWS5
MSC SASHA;CQYR
MSC SATURN;D5LC9
MSC SAVANNAH;D5NZ3
MSC SCANDINAVIA;V20B9
MSC SCOTLAND;ELPL3
MSC SEATTLE;A8LG9
MSC SEBNEM;TCCE9
MSC SELIN;H3LT
MSC SELMA;CNA2449
MSC SENA;H8RD
MSC SERENA;H9XA
MSC SHANGHAI;A8HO3
MSC SHANNON;HPRY
MSC SHARJAH;9HFQ6
MSC SHAULA;H3EX
MSC SHEILA;3EAZ
MSC SHIRLEY;HPCR
MSC SHUBA B;CQIP2
MSC SICILY;SZYO
MSC SILVANA;3EEI3
MSC SILVIA;3FFR5
MSC SINDY;3EKJ3
MSC SINFONIA;H8XH
MSC SOCOTRA;ELJJ5
MSC SOFIA CELESTE;H8VF
MSC SONIA;3FYX4
MSC SOPHIE;3FKP7
MSC SORAYA;3ESD8
MSC SPAIN;D5NP5
MSC STEFANIA;3EVI6
MSC STELLA;H8PA
MSC SUDAN;SXDH
MSC SUEZ;HPMS
MSC SUKAIYNA;HPNP
MSC SUSANNA;3ECU4
MSC SWEDEN;VRCH6
MSC SVEVA;3ESP7
MSC TAMARA;3EOC
MSC TAMPA;C6QY4
MSC TASMANIA;HPCF
MSC TERESA;3EMZ6
MSC TEXAS;DCSY2
MSC TINA;HPXW
MSC TOGO;A8KB4
MSC TOKYO;A8JM6
MSC TOMOKO;3EEQ7
MSC TORONTO;A8IN3
MSC TRADER;HP8436
MSC TRINIDAD;HONJ
MSC TUSCANY;SXAV
MSC UKRAINE;A8LH6
MSC ULSAN;C6SV2
MSC URUGUAY;V2ID
MSC VAISHNAVI R.;A8RL2
MSC VALENCIA;A8IF4
MSC VALERIA;3EQX8
MSC VANESSA;HOWD
MSC WASHINGTON;SYJV
MSC VEGA;D5BE4
MSC WELLINGTON;A8IQ5
MSC VENICE;ELZJ2
MSC VERONIQUE;3FZR6
MSC VIDHI;D5GE2
MSC VIDISHA R.;A8IY4
MSC VIENNA;A8CA2
MSC VIGO;DITL2
MSC VITTORIA;3EHF3
MSC VIVIANA;D5ND7
MSC VOLOS;V2JE
MSC YASHI B;CQIP7
MSC YOKOHAMA;SXQA
MSC YORKSHIRE;MJHH6
MSC ZANZIBAR;3EIP3
MSC ZLATA R.;D5GES
MSC ZOE;3FQA
MSC ZRIN;9HSV6
MSC ZURICH;VRUZ2
MUMBAI MAERSK;OWNQ2
MUNCHEN BRIDGE;3FIZ
MUNICH MAERSK;OWCH2
MUNKEBO MAERSK;OWUQ2
MURCIA MAERSK;OWTB2
MUUGA;MGHN6
MV OPDR CATAGENA;MPKD5
MY NY;5BYB4
NAGOYA EXPRESS;DGWD2
NAGOYA TOWER;D5DG5
NAJADEN;OIZB
NAJRAN;HZQE
NANSEN STRAIT;D5GW9
NAUTA;V2NX
NAUTIC;V7FZ3
NAUTILA;V2EQ
NAVIOS AZURE;V7WK3
NAVIOS DORADO;V7SX6
NAVIOS INDIGO;V7NX2
NAVIOS UNISON;D5OA4
NELLY;9H4935
NEPTUN;ELWW5
NEW DELHI EXPRESS;VRBK5
NEW ORLEANS EXPRESS;VSXC9
NEW YORK EXPRESS;DIXJ2
NEWYORKER;3FIP9
NICOLAS DELMAS;C6SF5
NIDA;XUJX3
NILEDUTCH ATLANTIC;PJIS
NILEDUTCH CAPE TOWN;DDJE
NONA;A8KA4
NOR FEEDER;ZDHT9
NORASIA ALYA;A8EI3
NORASIA ATRIA;A8EG5
NORASIA BALKANS;V2FO
NORASIA HAMBURG;P3FU7
NORASIA POLARIS;A8EV5
NORASIA TEGESOS;P3JA9
NORASIA TELAMON;P3GU7
NORD;PJIH
NORDAUTUMN;CQAF3
NORDIC BREMEN;5BSY3
NORDIC LUEBECK;D5IL6
NORDICA;PCSK
NORDISABELL;5BLD4
NORDISABELLA;5BLD4 
NORDSEE;V2NW
NORFOLK EXPRESS;DGOS
NORNE;ZDGO2
NORRBOTTEN;MJFN3
NORRVIK;ZQJA8
NORSUND;LASF5
NORTHAMPTON;9VPY3
NORTHERN DEXTERITY;A8NY9
NORTHERN GUARD;A8MX3
NORTHERN JAVELIN;CQAG7
NORTHERN PRACTISE;A8RX4
NORTHSEA TRADER;PECL
NOVITAS-H;V2AH3
NYC ARCADIA;ZCDN2
NYK ADONIS;3EUI3
NYK ALTAIR;3FWO7
NYK ANTARES;3FWJ7
NYK ARCADIA;3EXI5
NYK BLUE JAY;3ENQ8
NYK CONSTELLATION;V7NP4
NYK CRANE;H9NL
NYK DAEDALUS;3EMS
NYK DELPHINUS;3ENU7
NYK DEMETER;3ENV5
NYK DENEB;3EOF8
NYK EAGLE;3EMG9
NYK ENDURANCE;2HEA3
NYK ESPIRITO;DGRR
NYK FALCON;3FFH9
NYK HELIOS;VRLJ2
NYK HERCULES;VRLQ4
NYK HERMES;VRLZ3
NYK HYPERION;VRME7
NYK IBIS;3EYE
NYK KAI;3FXG4
NYK LEO;H9PSC
NYK LYRA;HOFL
NYK METEOR;3ENA9
NYK NEBULA;3ENG6
NYK OCEANUS;3EMR8
NYK OLYMPUS;3EOS7
NYK ORION;3EPU6
NYK ORION ;3EPU6
NYK ORPHEUS;7JDN
NYK REMUS;3FPB5
NYK RIGEL;3FNL8
NYK ROMULUS;9V7644
NYK RUMINA;9V7645
NYK SWAN;HOJR
NYK TERRA;3ESF9
NYK THEMIS;3FVR2
NYK VEGA;3EIJ5
NYK VENUS;5EJG5
NYK VESTA;3EJI4
NYK VIRGO;3EKK2
NYK WREN;7KBS
NYLAND;DHWL
OELAND;9HZJ8
OLE;DIPG
OLGA P;CQUY
ONE APUS;7KEG
ONE AQUILA;H9LE
ONE COLUMBA;3FTC3
ONE CONTINUITY;3ESS2
ONE CYGNUS;7KEP
ONE GRUS;7KDT
ONE HAMBURG;3FVW2
ONE HAMMERSMITH;3FQE8
ONE HANNOVER;3EIC8
ONE HONG KONG;3FKN5
ONE HUMBER;3EHZ5
ONE IBIS;3EYE
ONE MINATO;7KDF
ONE OLYMPUS;9VPQ7
ONE STORK;7KCR
OOCL ANTWERP;3EFS3
OOCL ASIA;VRBQ6
OOCL ASIA ;VRBQ6
OOCL ATLANTA;VRAR6
OOCL BANGKOK;VRME6
OOCL BELGIUM;VRVQ9
OOCL BERLIN;VRLN5
OOCL BRUSSELS;VRLJ3
OOCL BUSAN;VRDN3
OOCL CANADA;VRIB2
OOCL CHONGQING;VRLZ4
OOCL EGYPT;VRLZ3
OOCL EUROPE;VRBX7
OOCL EUROPÉ;VRBX7
OOCL FINLAND;MMYD4
OOCL GERMANY;VRQS3
OOCL HAMBURG;VRZK9
OOCL HONG KONG;VRQL9
OOCL INDONESIA;VRRH6
OOCL JAPAN;VRQX5
OOCL KOBE;VRCY7
OOCL KOREA;VRMX8
OOCL KUALA LUMPUR;VRCR5
OOCL LONDON;VRGO2
OOCL LUXEMBOURG;VRGO3
OOCL MALAYSIA;LXHL
OOCL MEXICO;D5BC5
OOCL MONTREAL;VRY03
OOCL MOSCOW;V7DJ6
OOCL NAGOYA;VRFX8
OOCL NARVA;DIHA
OOCL NETHERLANDS;VRVN6
OOCL NEW YORK;DPAK
OOCL NEVA;LXNV
OOCL NEVSKIY;LXOY
OOCL NORFOLK;VREX4
OOCL RAUMA;PBWS
OOCL ROTTERDAM;VRZK8
OOCL SCANDINAVIA;VRRB8
OOCL SEATTLE;3EIZ7
OOCL SEOUL;VRFU8
OOCL SHENZHEN;VRYO2
OOCL Singapore;VRVL2
OOCL SOUTHAMPTON;VRCU7
OOCL ST PETERSBURG;PHCZ
OOCL SWEDEN;ZDHJ6
OOCL TIANJIN;VRAR7
OOCL TOKYO;VRCI9
OOCL UNITED KINGDOM;VRQZ8
OOCL WASHINGTON;VRFU9
OPDR CADIZ;EBWM
OPDR CARTAGENA;EASG
OPDR CASABLANCA;EAVY
OPDR LAS PALMAS;EBWN
OPDR LISBOA;5BAG2
OPDR PORTO;EAZS
OPDR SEVILLA;EABG
OPDR TANGER;5BAH2
OPDR TENERIFE;5BEM3
ORCA I;3FPD6
OREGON TRADER;9HA3880
OSAKA EXPRESS;DDVK2
OSLO EXPRESS;WGMJ
OSTERBOTTEN;MHYJ3
OTTAWA EXPRESS;ZCBP5
OUED ZIZ;A3598
PALENA;A8KV3
PANDA II;DMYI
PANGAL;A8KM8
PANTONIO;C4YG2
PARANAGUA EXPRESS;A8HQ7
PARANGA;V2AE3
PARIS EXPRESS;DIHE
PASSADEN;OJDC
PASSAT SPRING;A8JY8
PATRICIA S;V2OP7
PAUL RUSS;V2ER6
PAULA;V2LK
PAXI;D5FM2
PEKING SENATOR;DQVJ
PENANG SENATOR;DQVH
PERCEIVER;PHGT
PERFORMANCE;9HA3804
PETROHUE;A8KM9
PETUJA;DGPE
PHILADELPHIA EXPRESS;WDC6736
PHILEMON;V2EV6
PHILIPP;V2EK
PILLIGRIM 3;XUQC9
PIONER;LZGA
PIONER KARELII;UEIS
PIRITA;DGNF
PITZTAL;PBEV
PLOVDIV;9HIE5
POET;DQUL
POHANG SENATOR;DQVN
POHORJE;A8IM4
POLAR ARGENTINA;9HA4704
POLAR BRASIL;9HA4703
POLAR CHILE;A8HP4
POLAR COSTA RICA;D5OZ3
POLAR ECUADOR;9V8896
POLAR MEXICO;9V6081
POLAR PERU;D5QB7
PONTA DO SOL;V2XC
PORT TEJO;CSAT
PORTHOS;J8TM7
PORTLAND SENATOR;DQVM
PORTLINK CARAVEL;V2AN4
PORTLINK PACER;ZDGD9
PORTUGAL SENATOR;DQVO
PRAGUE EXPRESS;DGZR2
PRESIDENT CLEVELAND;CQIW6
PRESIDENT TRUMAN;CQIW7
PRIDE OF BRAILA;OENH
PRIDE OF VEERE;OENG
PROVIDENCE;9HPX7
PUCON;A8JW3
PUELCHE;A8KY7
PUELO;A8KH6
PUGWASH SENATOR;DQVL
PUNJAB SENATOR;DQVK
QUEBEC EXPRESS;DJMF2
RABA;SNBE
RASILL;P3PK4
RDO FORTUNE;D5RZ3
REBECCA ROUSING;OYDZ2
RED CEDAR;V7EH4
REGINA MAGDALENA;LAVR5
REINBEK;MNVK7
REMO II;9HXY4
RHEIN CARRIER;V2OF9
RHEINTAL;V2MA5
RHODOS;D5DF2
RIJA;DAYZ
RIO BARROW;A8HL5
RIO BLACKWATER;A8HL4
RIO BLANCO;D5BO9
RIO BRAVO;D5BA9
RIO CADIZ;A8OT2
RIO DE LA PLATA;D5CT8
RIO EIDER;A8JR3
RIO GRANDE;A8EW6
RIO GRANDE EXPRESS;VRCE5
RIO MADEIRA;D5FY9
RIO TAKU;A8JR4
RIO THELON;A8JR6
RISOLUTO;ZDHI4
RMS ARAMON;HMZJ8
ROME EXPRESS;OYYT2
ROTTERDAM EXPRESS;DMRX
ROTTERDAM STAR;V7OO5
RUSICH 2;UAQG
RUSICH 5;UBHY
RUTH;3FBJ9
S SANTIAGO;V7NF7
S.A.HELDERBERG;ONAS
S.A.SEDERBERG;ONAT
S.A.WINTERBERG;ONAU
SAFI;A3BD6
SAFMARINE BAYETE;VRKZ9
SAFMARINE MAFADI;KRIJ
SAFMARINE NOKWANDA;MGJS8
SAFMARINE NOMAZWE;MGGK4
SAGITTA;V2DG3
SAJIR;V7HL4
SALAHUDDIN;V7HL5
SALLY;LADT6
SAMBRE;PCFP
SAMSKIP ESTRELA;V2GC2
SAN CHRISTOBAL;D5GN5
SAN CLEMENTE;9V9091
SAN FELIPE;V7GN7
SAN FELIX;V7GN9
SAN FRANCISCA;V7GO6
SAN FRANCISCA ;V7G06
SAN FRANCISCO BRIDGE;3FPV6
Santa Barbara;D5QI6
SANTA CARLOTTA;DILZ
SANTA CATALINA;DPBV
SANTA CHRISTINA;DPCU
SANTA CLARA;OXVI2
SANTA ISABEL;OXWU2
SANTA PAOLA;A8IY3
SANTA RITA;OXCR2
SANTA ROSA;OXMP2
SANTA URSULA;3FDB8
SANTA VIOLA;V2PT4
SANTIAGO EXPRESS;S6MJ
SANTOS EXPRESS;DJQD2
SAVANNAH EXPRESS;DNDD
SCAN PACIFIC;V2EA4
SCHUBERT;CQGL
SCL BERN;HBEG
SCOT CARRIER;MGMT3
SEA ARROW;XEA
SEA VITA;V2PS3
SEAGO ANTWERP;OZDB2
SEAGO BREMERHAVEN;OXVA2
SEAGO FELIXSTOWE;OZCX2
SEAGO ISTANBUL;OXVE2
SEAGO PIRAEUS;OXVD2
SEAGO PIREAUS;OXVD2
SEALAND CHAMPION;WKAU
SEALAND ILLINOIS;VRSQ2
SEALAND MERCURY;WKAW
SEALAND METEOR;WDB9951
SEALAND MICHIGAN;9HA3390
SEALAND RACER;WKAP
SEALAND WASHINGTON;9HA3421
SEAMAX BRIDGEPORT;VRYO4
SEAMAX STAMFORD;V7KD2
SEASPAN AMAZON;VRNF8
SEASPAN DALIAN;VRBH4
SEASPAN ELBE ;VRNY5
SEASPAN GANGES;VRMV8
SEASPAN HUDSON;VRNY4
SEASPAN JAKARTA;VRBR5
SEASPAN LAHORE;VRBY8
SEASPAN LEBU;VRGT2
SEASPAN LINGUE;VRGR3
SEASPAN OCEANIA;VRBI2
SEASPAN SAIGON;VRBT7
SEASPAN THAMES;VRNA9
SEASPAN YANGTZE;VRNA8
SEASPAN ZAMBEZI;VRNF7
SEATRADE BLUE;D5LS3
SEATRADE GREEN;D5SB9
SEATRADE ORANGE;D5LJ7
SEATRADE RED;D5LR9
SEATRADE WHITE;D5LS2
SEAWHEEL EXPRESS;V2BD4
SEAWHEEL MERCHANT;V2PI4
SEOUL EXPRESS;DHBN
SERENA P;A8JF3
SEROJA EMPAT;3FOE7
SEROJA LIMA;3FTU
SHANGHAI BRIDGE;HOJA
SHANGHAI EXPRESS;DPCK
SHANGHAI TRADER;A8RL5
SIDER PEACE;IBXB
SINAR ARROW;S6NC
SINDBAD;C4WM
SINGAPORE EXPRESS;SYHB
SINGAPORE EXPRESS ;VRNE9
SIRIUS;ELSF8
SIRRAH;PBFR
SKIRNER;V2CF2
SKL MY WAY;PD41
SLIDUR ;V2CH4
SLOMAN PRODUCER;V2OT9
SLOMAN PROVIDER;V2BK8
SLOMAN TRADER;V2EU5
SM CHARLESTON;D5OU3
SM TACOMA;D5IR7
SM VANCOUVER;D5IL2
SMARAGDEN;OJDB
SOFIA;9HGU5
SOFIA EXPRESS;DGZT2
SOKNA;LARV2
SOLIMAN REYS;PHUD
SOLSTICE N;A8JZ7
SONGA CALABRIA;D5OE7
SOPHIA;V2DM8
SOPHIE;OXND2
SORMIOU;LXMR
SOUTHAMPTON EXPRESS;OYWG2
SOUTHERN JUICE;C6OS5
SOUTHERN TIARA;ZKU2082
SPIRIT OF HAMBURG;9V2497
SPIRIT OF LISBON;V7RD6
SPYROS V;V7DG7
ST LOUIS EXPRESS;WDD3825
ST. SPIRIT;J8B3202
STADT HAMBURG;DPSS
STADT WEIMAR;V2CF9
STAR BEST;3EJK6
STAR PRIMA;3EHX4
STAR STRATOS;3EKO9
STEFAN SIBUM;5BQX3
STEFFEN SIBUM;V2OK1
STEIN FIGHTER;LLKE
STINA;V2BW7
STRIDE;3FRT7
SUDEROOG;ZDHC8
SUEZ CANAL BRIDGE ;HODM
SUN ROAD ;DYIN
SUN ROUND;DYMW
SUN VITA;9HFA8
SWALLOW;EXFC
SWANSEA;D5FD2
SVEN D;PBTF
SVENTOJI;LYDD
SVYATITEL ALEKSIY;9HGU8
SVYATOY GEORGIY POBEDONOSETS;9HGV8
SYBILLE;V2DT
SYDNEY EXPRESS;VSXC4
SYNERGY BUSAN;VREX8
TAIPEI TRIUMPH;9V3478
TALASSA;CQDD
TALLIN;DCED
TALOS;9HA4371
TAMPA TRIUMPH;3EJB3
TANJA RICKMERS;V7ST5
TANTO SINERGI;YGSE
TAURUS;9HA4372
TAYMA;9HA2989
TBA;TBA
TEMPANOS;A8VP9
TEMPTATION;GCKP
TENO;A8VP7
TERESA DEL MAR;ECED
TERRY UNO;H8YI
TESTAR1;TESTAR2
TEXAS TRIUMPH;3FMG7 
THALASSA AVRA;9V2232
THALASSA AXIA;9V2237
THALASSA DOXA;9V2236
THALASSA ELPIDA;9V2231
THALASSA HELLAS;9V2228
THALASSA MANA;9V2234
THALASSA NIKI;9V2233
THALASSA PATRIS;9V2229
THALASSA PATRIS ;9V2229 
THALASSA PISTIS;9V2230
THALASSA TYHI;9V2235
THALASSA TYHI ;5BNE2
THANA BHUM;9VBE3
THEA B;V2IA3
THEBE;V2OS
THESEUS;9HA4385
THIRA;D5JJ5
THORSTAR;D5IX4
TIAN FU HE;BOMV
TIGER;XUBV7
TIGER ISLAND;ELVF5
TIHAMA;9HA3852
TIM-S;V2BK2
TINA EURONORDIC;V2PI9
TITAN;9HA4287
TOKYO EXPRESS;DGTX
TOKYO TRIUMPH;9V3477
TOLEDO TRIUMPH;3EIU7
TOLTEN;TSTAISB
TORONTO EXPRESS;VQLL5
TORRENTE;A8VQ2
TOSSENS;V2LA
TRANSITORIUS;PDAP
TRENDEN;OIZF
TRF PARTICI;A8UF9
TRIESTE ;C6QW8
TRITON;2AG16
TRITON ELBE;PJAF
TRITON LOGA;PJWA
TSING MA BRIDGE;H9YF
TSINGTAO EXPRESS;DDYL2
TUCAPEL;A8VQ3
UASC AL KHOR;D5IS4
UASC UMM QASR;ELGK4
UASC YANBU;A8TH7
UASC ZAMZAM;9V2584
UASCH ZAMZAM;9V2584
ULSAN EXPRESS;DDOQ2
UMM QARN;V7HM3
UNIMAR;ZDHE5
UNION MARS;MGEB6
UTA;V2RG
UTE JOHANNA;DJTV
UTE OLTMANN;DGZO
UTE S;DPUU
WAHLSTEDT;P3JH7
VALENCIA;V2CN4
VALENCIA EXPRESS;ZCBD4
VALENTIN PIKUL;9HNV8
VALIDUS;V2EA9
VALPARAISO EXPRESS;V2OO4
WALSERTAL;PBEP
WAN HAI 506;S6AV4
WAN HE;3FJH7
VANCOUVER BRIDGE;H8FE
VANCOUVER EXPRESS;9HA3490
VANQUISH;PHCU
VAPARASIO EXPRESS;DDIZ
VARNA;LZEF
WARNOW WHALE;V2C18
WASHINGTON EXPRESS;WDD3826
WASHINGTON SENATOR;DEAZ
VASILIY SHUKSHIN;9HNH8
WEC MONDRIAAN;CQCY
WEC VERMEER;5BLR3
VECCHIO BRIDGE;3EBR8
VEERSEDIJK;PBCX
WEGA;DHEW
VEGA AZURIT;A8KR2
VEGA STOCKHOLM ;A8IH4
WEHR OTTENSEN;DGWM
WELLINGTON EXPRESS;VSUA5
VENETIKO;D5DR5
VENICE BRIDGE;3EAU3
VERA;DGSV
WERDER BREMEN;DDTP
VERGI;MJFF7
VERITAS-H;V2AL2
VERMONT TRADER;9HYN7
WES JANINE;5BLW4
WEST CARRIER;C6UP7
WESTERDIEK;A8JY5
WESTERN TRADER;V2IO
VICTORIA;CQIB
VICTORY I;3EMP6
WIDE BRAVO;V7FN6
VIKING;PIHD
WILLI RICKMERS;V7FE8
WILLIAM MITCHELL;V2BT1
VIRGO;OMIL
VIRTSU;MGLJ3
VITALI KOZHIN;V2WQ
VIVIEN A;TCYC4
VIVITA;9HAI7
WMS GRONINGEN;C4NV2
WMS HARLINGEN ;C4RN2
VOLANTE;ZDEO2
VOLKERS;V2BH1
X PRESS MULHACEN;9HA3465
XIN BEIJING;VRCS5
XIN HONG KONG;VRCH5
XIN LOS ANGELES;VRBX6
XIN MEI ZHOU;BPKC
XIN OU ZHOU;BPKB
XIN QIN HUANG DAO;BPDP
XIN SHANGHAI;VRCC6
XIN YA ZHOU;BPKA
XIN YAN TIAN;BPBA
XPRESS ELBRUS;V2OT7
XPRESS ETNA;9HA4164
XPRESS MATTERHORN;PBHI
XPRESS MONTE ROSA;PBKO
XPRESS MULHACEN;9HA3465
YM ANTWERP;VRET5
YM BAMBOO;A8AG2
YM BREMEN;H9NC
YM BUSAN;VREX8
YM COSMOS;H3XY
YM CYPRESS;A8HD4
YM ELIXIR;A8OS2
YM ENHANCER;A8OS4
YM ENLIGHTENMENT;D5HJ2
YM ESSENCE;BLHO
YM EVOLUTION;BLHN
YM EXPRESS;D5HJ4
YM FOUNTAIN;A8EI5
YM GREEN;ELXZ3
YM MANDATE;A8UU7
YM MARCH;H3NC
YM MATURITY;A8UU8
YM MILANO;SYVU
YM MODERATIONS;H9EW
YM ORCHID;H3TM
YM PINE;A8HD3
YM PLUM;H3NM
YM TAICHUNG;V7FW8
YM UBERTY;A8OR4
YM UBIQUITY;BLHM
YM ULTIMATE;A8HZ7
YM UNANIMITY;BLHL
YM UNICORN;BLHI
YM UNIFORM;A8OR8
YM UNISON;A8HZ6
YM UNITY;A8HZ4
YM UPSURGENCE;BLHJ
YM UPWARD;A8OR6
YM UTILITY;A8OR7
YM UTMOST;A8HZ5
YM UTOPIA;A8OR5
YM VANCOUVER;C4ZL2
YM WARMTH;VROO5
YM WELCOME;VRPF8
YM WELLHEAD;VROH8
YM WELLNESS;VROO3
YM WELLSPRING;3FFG9
YM WHOLESOME;VROO4
YM WIDTH;VRPE5
YM WIND;VRPE6
YM WINDOW;VRPF7
YM WINNER;VROL7
YM WISDOM;9V5642
YM WISH;VROC3
YM WITNESS;VROL6
YM WONDERLAND;9V5641
YM WONDROUS;VROH9
YM WORTH;VROO6
YM YANTIAN;P3FT7
YOKOHAMA SENATOR;ELWD5
YORK;D5SG2
YORKTOWN EXPRESS;WDD6127
ZAFEIRI;SWDT
ZAFER-N;OMIO
ZEELANDIA;PH9079
ZHEN HUA 9;J8B3020
ZILLERTAL;PBFB
ZIM ANTWERP;A8SI6
ZIM DALIAN;P3YY7
ZIM DJIBOUTI;A8SI4
ZIM RAVENNA 1;P3YX7
ZIM RIO GRANDE;9HNV9
ZIM ROTTERDAM;A8SI8
ZIM SAN DIEGO ;A8SI7
ZIM TIANJIN ;A8SJ2
ZUZANNA;OMKK
ALS JUNO;9V5901
CARAT;9HA4131
SYMI I;D5FL9
HMM GDANSK;3FXA4
HSL SHEFFIELD;A8DG6
ONE EAGLE;7KEK
HMM DUBLIN;3FAE5
AVA D;A8LJ8
MAERSK BULAN;9V7693
YANTIAN;9HA4039
DIMITRIS;D5IR8
ORTOLAN GAMMA;A8LW9
NORD PACIFIC;3FVZ5
MSC SHREYA B;CQIP3
ONE BLUE JAY;7KDP
JSP ANNA;DDSW2
HMM ROTTERDAM;3EQK6
MSC HAMBURG;3FYY8
WILHELM;5BJB2
CATHERINE C;D5JQ4
HSL NIKE;A8FZ6
SAN VICENTE;9V2089
HMM HAMBURG;3EWN5
DIAPOROS;A8VP5
YM WREATH;VRPF9
MOTIVATION D;A8ZB6
CC JEAN GABREL;9HA4767
MSC JULIE;3FWL4
EVER LASTING;2FRK7
HYUNDAI TACOMA;V7DB9
AMERICA;P3XP9
MSC MICHELA;CQID5
X-PRESS ANNAPURNA;9V5990
HMM SOUTHAMPTON;3FSH6
HMM HELSINKI;3EEN3
ONE CRANE;H9NL
MAERSK NIAMEY;VREX7
DOUCE FRANCE;FMMZ
SKYROS;D5FL8
HMM STOCKHOLM;3EHU5
CAPE CHRONOS;5BGL4
HMM LE HAVRE;HOLL
HYUNDAI HONGKONG;5BZL3
APL MEXICO CITY;9V9926
SAFMARINE BENGUELA;VRLA3
AURELIA; 3ESB4
S a n t a B a r b a GMBH & CO KG;OXCH2
S a n t a B a r b a ra;OXCH2
MAERSK NITEROI;VRFW5
MAIRA XL;D5IS6
MSC TIANJIN;D5UA6
MP THE EDELMAN;A8HN5
MSC MARIA SAVERIA;3FLE8
NYK OWL;7KBK
HMM ST PETERSBURG;HPXU
MSC ANYA;D5GD2
CMA CGM TENERE;9HA5273
S a n t a I s a b e GMBH & CO KG;OXWU2
CMA CGM JACQUES SAADE;FLZE
PUSAN C;C4NK2
POLAR COLOMBIA;9V6726
ONE ALTAIR;3FWO7
MP THE BRADY;A8HN7
ONE FALCON;7KGU 
MSC AMALFI;9HA3462
ARTEMIS;A8OP7
S a n t a R i t a;OXCR2
S a n t a R i t a GMBH & CO KG;OXCR2
AKADIMOS;9HA5144
SANTA VANESSA;A8JM6
GSL NICOLETTA;D5VP6
CMA CGM CHAMPS ELYSEES;FLZF
CC CHAMPS ELYSEES;FLZF
ONE HAWK;H3BL
ONE MACKINAC;7JUR
S a n t a C l a r a;OXVI2
MSC ISABELLA;HP3521
MONTE VERDE;9V7575
MOL GARDIAN;A8WH6 
TOKYO BAY;D5EG8
PLUTO;V2EF4
MAERSK BATUR;9V8207
ANGELA;3ESB8
GSL CHATEAU DIF;9HA5221
ONE MILLAU;H9RD
SEAMAX NORWALK;V7VT5
MAERSK HARTFORD;WMHA
ALEXANDER B;V2FE7
CSL MANHATTAN;D5IC7
CMA CGM MARSEILLE;VQND9
MAERSK ESSEX;OXSQ2
MAERSK ELBA;OYHL2
MAERSK SERANGOON;S6CH2
MSC UBERTY;A8OR4
GERD MAERSK;OYGM2
CMA CGM OHIO;9HA4132
MSC VANDYA;3FDW4
MSC EMANUELA;3FKG
COSCO SHIPPING  VIRGO;VRRT2
SEASPAN EMINENCE;VRFN8 
HELMUT;CQIN7
MSC RONIT R;A8IX8
NAVIOS VERMILION;V7LF2
MAERSK KLEVEN;D5RZ8
CMA CGM ARKANSAS;9HA3973
AS PETRONIA;CQIT6
MAERSK SEMBAWANG;S6CH3
ONE HARBOUR;3EIQ5
LANA;D5BD7
BOMAR MILIONE;D5UD9
MAERSK NEWBURY;9V3366
MSC GAIA;3EXO7
MAERSK NIJMEGEN;VRFE9
ATHENS GLORY;5BFZ5
MSC BETTINA;HPFG
CMA CGM LOUVRE;FMMY
NORDSUMMER;CQAZ4
NORTHERN GENERAL;A8MW8
SEAMAX GREENWICH;V7ER3
SEATTLE EXPRESS;A8PS5
ALS MARS;D5YL6
OOCL ST. LAWRENCE;9HA3871
NAVIOS VERMIL;V7LF2
MAERSK PUELO;3EPS9
MSC REGULUS;3EYG3
HANSA NEUBURG;D5KB8
MINERVA;9V3400
MSC VITA;3EWM7
FOS EXPRESS;A8PX5
WESTERMOOR;A8CH2
BURGUNDY;A8RH4
ARGOLIKOS;D5CP4
FREDERIK;V2HB4
MSC PALOMA;3FKQ
GEORG MAERSK;OYGN2
XIN CHANG SHU;BPBG
ONE MANHATTAN;7JVP
MATHILDE MAERSK;OWZW2
LOTUS A;D5NZ2
CMA CGM RIVOLI;FMNG
MSC ISTANBUL;D5LL2
MSC MELINE;3FLW2
LAILA;CQDP
E.R. BERLIN;ELZX2
XIN LIAN YUN GANG;BPAT
CMA CGM LAMARTINE;9HA5001
CMA CGM PALAIS ROYAL;FMMT
ARA AMSTERDAM;CQAY7
ONE SWAN;HOJR
XIN LIAN YUNG GANG;BPAT
ONE HENRY HUDSON;3ETK4
ONE WREN;7KBS
ZEUS LUMOS;MIIG9
NAVIOS VERMILION  ;V7LF2
AMOLIANI;D5DE9
AGIOS MINAS;A8VP6
THIAMA;9HA3852
ONE HANOI;3FHS3
NAVIOS DOMINO;V7OX3
HMM NURI;D5YS9
HMM GAON;D5YY9
KOI;D5NZ4
DELAWARE EXPRESS;WDM2180
MAERSK EMERALD;9V6464
MSC TOPAZ;D5NI2
CMA CGM MONTMARTRE;FMNH
BRUSSELS EXPRESS;DIGO2
SANTA CRUZ;OXTN2
DIMITRA C;9HA3802
XIN TIAN JIN;BPAQ
AL RIFFA;9HA2982
MSC BRITTANY;CQEN3
COSCO JAPAN;VRFX5
CSAV TRANCURA;D5EV9
CONSTANTIA;D5KV6
CONTI CORTESIA;CQYJ
ONE OWL;7KBK
CMA CGM CONCORDE;FMOF
HMM GARAM;D5YZ2
MIMMI SCHULTE;9V3435
HMM HANBADA;5LAH8
CAPE PIONEER;5BUE4
HMM RAON;5LAM9
HUDSON EXPRESS;WDM2202
MIRADOR EXPRESS;
HMM MIR;D5ZZ8
COLORADO EXPRESS;WDM2200
GARDINER;A8DG9
SANTA MARTA EXPRESS;VRGJ3
CMA CGM TROCADERO;FMOL
HYUNDAI PARAMOUNT;D5DQ8
NORDMARSH;9HA4782
MAERSK BAHAMAS;9V6596
MOLLY SCHULTE;9V3436
CMA CGM CENDRILLON;9HA4971
CMA CGM SINNAMARY;FMON
HMM HANUL;5LAM7
SOUNION TRADER;5LBM3
MSC APOLLINE;D5ZR3
ONE ORPHEUS;9V5999
HELLA;CQHN
HMM DAON;5LAM6
CMA CGM SORBONNE;FMPF
MAERSK KALMAR;D5YU7
MARIA XL;D5IS6
MISSOURI EXPRESS;WMD2203
CAPE CORFU;5BTK5
POTOMAC EXPRESS;WDM2204
MEHUIN;A8SG8
EVER ACE;3E2382
ANTIBES EXPRESS ;5LCA5
MISSISSAUGA EXPRESS;ZCBP6
NORDAMELIA;5BPQ4
EVER ACT;3E2429
ZIM EUROPE;D5IR8
ANTIBES EXPRESS;5LCA5
CAUCEDO EXPRESS;ONLD
MAERSK HERRERA;9V7989
CMA CGM ALGECIRAS;9HA5462
MARINER;9V3398
EVER BUILD;3ELY7
TANJA STAR;V7ST5
NORDPACIFIC;5BVZ4
CMA CGM TITUS;FLVP
BOMAR JULIANA;A8DG7
MARIUS;9HA4781
FLEUR N;D5WV5
W KITHIRA;V7A4375
MSC LETIZIA;CQEU7
PARIS II;D5SI7
AIN SNAN EXPRESS;V7A4966
SONGA PUMA;D5YU9
ARCHER;YJTY7
COSCO SHIPPING VOLGA;VRQH9
DALLAS EXPRESS;DGAF
ZIM HAIFA;D5YU8
AL DAHNA EXPRESS;5LDC8
EVER AIM;3E3532
CMA CGM SAINT LAURENT;FLVS
MANDALAY;9V3438
AS CAMELLIA;CQAA7
NYSTED MAERSK;VRTU5
W KLAIPEDA;V7A4374
MARGARETE SCHULTE;9HA2032
ETE N;D5TJ9
EVER ALP;3E2012
TUBUL;A8VP8
SPARTEL TRADE;5LCA6
TANJA;V7ST5
CMA CGM ISKENDERUN;9HA5480
HERTA;CQHO
CROATIA;9HA3999
HAMMONIA HUSUM;A8IM8
NILEDUTCH ANTWERPEN;5BGA5
NORTHERN POWER;A8TL6
LYME BAY;D5EG5
IRENES RESOLVE;ELZU6
SANTA TERESA;OXAW2
LE HAVRE EXPRESS;D5EY9
CMA CGM ALIAGA;9HA5518
XIN TIANJIN;BPAQ
HAMMONIA BALTICA;A8XY2
GSL KALLIOPI;D5QI6
W KYRENIA;V7A4351
BUXCOAST;CQEB
EVER ARM;BHJG
CMA CGM ABU DHABI;9HA5221
CMA CGM JACQUES JOSEPH;9HA4667
GSL CHATEAU D'IF;9HA4782
ONE HONOLULU;3EUQ8
TUBUL ;A8VP8
MAERSK IZMIR;9V2004
MAERSK NESTON;9V3532
MAERSK KANSAS;WMKQ
ROBIN 2;D5YV2
BROOKLYN BRIDGE;3FFI8
SEASPAN KOBE;VRHY6
MAIPO;A8SG7
MERKUR FJORD;9HA3340
BUXCONTACT;CQIN5
HMM LE HAVRE;HOLL
SEASPAN EMPIRE;VRGE7
TUNADAL;D5ZQ3
SPIRIT OF NEW DELHI;V7A4763
CSCL BRISBANE;VRBJ9
NILEDUTCH BREDA;5BFH5
KATHARINA SCHEPERS;CQEZ2
CHENNAI EXPRESS;D5VH7
DACHAN BAY EXPRESS;D5KV5
BROOKLEYN BRIDGE;3FFI8
EVER ART;BHJH
MINSTREL;V2HO
CZECH;9HA4003
W KAMPALA;V7A4350
CMA CGM LOUGA;9HA4747
KALAHARI EXPRESS;5LGN4
VISTULA MAERSK; OWYC2
MAERSK NIAGARA;VREO9
CMA CGM CENDRILLON;9HA4971
NORTHERN MAJESTIC;DCPP2
TIRUA;D5AD8
MAERSK TENNESSEE;KRIJ
MAERSK KARACHI;VRGL4
SPIL KARTIKA;H3GY
MAERSK SURABAYA;OZSO2
EVER ALOT;3E4008
MEISHAN BRIDGE;7KCA
PUERTO LIMON EXPRESS;VRFW5
ONE TRIUMPH;V7FQ8
MAERSK KIMI;D5YU6
HALLEY;A8EG9
NORTHERN JUBILEE;CQIQ5 
EVER APEX;HP7403
VAGA MAERSK;OWAO2
EVER TOP;3E4046
SEASPAN HAMBURG;VRBH6
VUOKSI MAERSK;OWVA2
ALIAGA EXPRESS;TCA4539
ONE TRIBUTE;7KMG
SEASPAN SANTOS;VRCF6
SANTA RITA;OXCR2
MOSCOW MAERSK;OWCM2
MAERSK IOWA;KABL
AC CAMELLIA;CQAA7
MSC SHAY;3EUT5
EVER ARIA;3E2585
PORTO CHELI;5LBC7
MAERSK BROWNSVILLE;OXVD2
COSCO SHIPPING SOLAR;VRS04
ONE TRUST;V7LF7
ONE FREEDOM;VRUW9
CMA CGM CARL ANTOINE;9HA4484
