HAPAG LLOYD VESSEL INPUT;HL VESSEL OUTPUT
BUDAPEST EXPR;BUDAPEST EXPRESS
CALLAO EXPRES;CALLAO EXPRESS
CMA CGM ARKAN;CMA CGM ARKANSAS
COSCO SH. VOL;COSCO SHIPPING VOLGA
HMM ST PETERS;HMM ST PETERSBURG
HUDSON EXPRES;HUDSON EXPRESS
MAERSK MC-KIN;MAERSK MC-KINNEY MOLLER
MISSOURI EXPR;MISSOURI EXPRESS
MOL EXPERIENC;MOL EXPERIENCE
MONTREAL EXPR;MONTREAL EXPRESS
ONE HAMMERSMI;ONE HAMMERSMITH
POTOMAC EXPRE;POTOMAC EXPRESS
PRAGUE EXPRES;PRAGUE EXPRESS
SANTOS EXPRES;SANTOS EXPRESS
COLORADO EXPR;COLORADO EXPRESS
CARTAGENA EXP;CARTAGENA EXPRESS
ONE HENRY HUD;ONE HENRY HUDSON
TORONTO EXPRE;TORONTO EXPRESS
QUEBEC EXPRES;QUEBEC EXPRESS
DELAWARE EXPR;DELAWARE EXPRESS
NORTHERN POWE;NORTHERN POWER
LE HAVRE EXPR;LE HAVRE EXPRESS
CAUCEDO EXPRE;CAUCEDO EXPRESS
BROOKLYN BRID;BROOKLYN BRIDGE
TSINGTAO EXPR;TSINGTAO EXPRESS
MSC SOFIA CEL;MSC SOFIA CELESTE
AIN SNAN EXPR;AIN SNAN EXPRESS
VALENCIA EXPR;VALENCIA EXPRESS
BRUSSELS EXPR;BRUSSELS EXPRESS
MOL PROFICIEN;MOL PROFICIENCY
VALPARAISO EX;VALPARAISO EXPRESS
HMM SOUTHAMPT;HMM SOUTHAMPTON
GUAYAQUIL EXP;GUAYAQUIL EXPRESS
SEASPAN HAMBU;SEASPAN HAMBURG
CMA CGM CENDR;CMA CGM CENDRILLON
HMM COPENHAGE;HMM COPENHAGEN
ALIAGA EXPRES;ALIAGA EXPRESS
RIO GRANDE EX;RIO GRANDE EXPRESS
DACHAN BAY EX;DACHAN BAY EXPRESS
